FID,IID,population,TCHOL,TG,HDL-C,LDL-C,HDL-C/LDL-C,AI
44,L1000,Laiwu,2.64,0.27,0.89,1.93,0.461139896,1.966292135
19,L1001,Laiwu,2.37,0.17,0.88,1.57,0.560509554,1.693181818
6,L1002,Laiwu,2.68,0.3,1.27,1.43,0.888111888,1.11023622
274,L1003,Laiwu,2.03,0.07,0.93,1.36,0.683823529,1.182795699
26,L1004,Laiwu,3.43,0.16,1.29,2.3,0.560869565,1.658914729
23,L1005,Laiwu,2.47,0.6,1.54,1.12,1.375,0.603896104
24,L1006,Laiwu,2.75,0.18,1.08,1.8,0.6,1.546296296
54,L1008,Laiwu,2.16,0.09,0.9,1.45,0.620689655,1.4
28,L1010,Laiwu,3.03,0.2,1.23,1.9,0.647368421,1.463414634
30,L1011,Laiwu,2.16,0.11,0.82,1.52,0.539473684,1.634146341
39,L1012,Laiwu,2.44,0.18,1.15,1.35,0.851851852,1.12173913
278,L1013,Laiwu,2.1,0.25,1.08,1.13,0.955752212,0.944444444
43,L1014,Laiwu,2.2,0.15,1.14,1.14,1,0.929824561
37,L1015,Laiwu,2.15,0.1,0.89,1.36,0.654411765,1.415730337
32,L1016,Laiwu,2.41,0.18,1,1.51,0.662251656,1.41
260,L1017,Laiwu,1.84,0.07,0.76,1.11,0.684684685,1.421052632
264,L1019,Laiwu,1.81,0.18,0.59,1.03,0.572815534,2.06779661
66,L1022,Laiwu,1.67,0.14,0.8,1,0.8,1.0875
35,L1023,Laiwu,2.88,0.52,1.26,1.52,0.828947368,1.285714286
31,L1024,Laiwu,2.3,0.19,1.12,1.08,1.037037037,1.053571429
36,L1025,Laiwu,2.38,0.15,0.94,1.54,0.61038961,1.531914894
25,L1026,Laiwu,1.55,0.08,0.51,1.17,0.435897436,2.039215686
47,L1027,Laiwu,1.86,0.07,0.86,0.97,0.886597938,1.162790698
48,L1029,Laiwu,2.59,0.07,1.36,1.4,0.971428571,0.904411765
41,L1031,Laiwu,2.09,0.11,0.71,1.53,0.464052288,1.943661972
58,L1033,Laiwu,2.11,0.31,1.04,1.22,0.852459016,1.028846154
10,L1035,Laiwu,2.7,0.55,1.28,1.23,1.040650407,1.109375
16,L1037,Laiwu,2.49,0.33,1.13,1.67,0.676646707,1.203539823
14,L1038,Laiwu,2.52,0.13,1.11,1.23,0.902439024,1.27027027
7,L1039,Laiwu,2.47,0.44,1.15,1.53,0.751633987,1.147826087
11,L1041,Laiwu,2.21,0.32,0.78,1.54,0.506493506,1.833333333
18,L1043,Laiwu,2.17,0.38,0.64,1.69,0.378698225,2.390625
1,L1044,Laiwu,2.59,0.34,0.96,1.85,0.518918919,1.697916667
2,L1045,Laiwu,2.7,0.2,0.83,2.11,0.393364929,2.253012048
17,L1046,Laiwu,3.2,0.29,1.38,1.68,0.821428571,1.31884058
4,L1050,Laiwu,2.19,0.1,0.89,1.14,0.780701754,1.460674157
5,L1051,Laiwu,2.72,0.73,1.12,1.67,0.670658683,1.428571429
46,L1052,Laiwu,2.11,0.19,0.68,1.51,0.450331126,2.102941176
9,L1053,Laiwu,1.9,0.8,0.81,1.14,0.710526316,1.345679012
13,L1054,Laiwu,2.25,0.22,0.86,1.56,0.551282051,1.61627907
8,L1055,Laiwu,2.55,0.22,0.94,1.46,0.643835616,1.712765957
22,L1057,Laiwu,2.52,0.32,1.04,1.54,0.675324675,1.423076923
42,L1058,Laiwu,2.38,0.61,1.15,1.08,1.064814815,1.069565217
12,L1061,Laiwu,2.22,0.19,1.07,1.14,0.938596491,1.074766355
71,L1062,Laiwu,1.98,0.31,1.15,1.01,1.138613861,0.72173913
268,L1063,Laiwu,2.92,0.39,1.54,1.25,1.232,0.896103896
70,L1064,Laiwu,2.73,0.1,1.23,1.74,0.706896552,1.219512195
272,L1065,Laiwu,2.13,0.06,0.95,1.23,0.772357724,1.242105263
79,L1067,Laiwu,2.26,0.19,1.07,0.99,1.080808081,1.112149533
276,L1069,Laiwu,2.7,0.2,1.37,1.34,1.02238806,0.97080292
83,L1070,Laiwu,2.35,0.08,1.09,1.25,0.872,1.155963303
72,L1072,Laiwu,2.04,0.11,0.86,1.31,0.65648855,1.372093023
52,L1074,Laiwu,1.63,0.07,0.7,0.79,0.886075949,1.328571429
20,L1076,Laiwu,2.43,0.3,1.19,1.42,0.838028169,1.042016807
21,L1077,Laiwu,1.8,0.23,0.99,0.77,1.285714286,0.818181818
259,L1078,Laiwu,2.78,0.48,1.23,1.67,0.736526946,1.260162602
3,L1079,Laiwu,2.5,0.37,1.13,1.56,0.724358974,1.212389381
202,L1081,Laiwu,2,0.2,0.8,1.17,0.683760684,1.5
194,L1082,Laiwu,2.53,0.33,1.1,1.33,0.827067669,1.3
210,L1083,Laiwu,2.31,0.08,NA,1.86,NA,NA
200,L1091,Laiwu,2.27,0.2,0.94,1.38,0.68115942,1.414893617
214,L1092,Laiwu,2.75,0.17,1.15,1.86,0.61827957,1.391304348
193,L1093,Laiwu,2.79,0.55,1.25,1.66,0.753012048,1.232
197,L1094,Laiwu,2.82,0.41,2.12,1.51,1.40397351,0.330188679
201,L1095,Laiwu,3.07,0.14,1.18,2.18,0.541284404,1.601694915
204,L1097,Laiwu,2.4,0.22,0.9,1.49,0.604026846,1.666666667
206,L1098,Laiwu,2.57,0.24,1.38,1.72,0.802325581,0.862318841
161,L1100,Laiwu,2.2,0.18,0.99,1.13,0.876106195,1.222222222
122,L1102,Laiwu,2.37,0.07,1.15,1.57,0.732484076,1.060869565
174,L1104,Laiwu,2.4,0.42,1.06,1.22,0.868852459,1.264150943
34,L1105,Laiwu,1.67,0.15,0.54,1.16,0.465517241,2.092592593
263,L1106,Laiwu,2.18,0.13,1,1.18,0.847457627,1.18
132,L1107,Laiwu,2.04,0.17,0.8,1.37,0.583941606,1.55
59,L1108,Laiwu,1.82,0.25,0.98,0.9,1.088888889,0.857142857
107,L1109,Laiwu,3.29,0.05,0.76,2.64,0.287878788,3.328947368
111,L1110,Laiwu,2.46,0.09,0.64,1.99,0.32160804,2.84375
135,L1111,Laiwu,2.33,0.58,1.04,1.23,0.845528455,1.240384615
139,L1112,Laiwu,2.5,0.25,1.26,1.46,0.863013699,0.984126984
38,L1114,Laiwu,2.44,0.2,0.64,1.82,0.351648352,2.8125
271,L1115,Laiwu,1.95,0.11,0.74,1.23,0.601626016,1.635135135
102,L1116,Laiwu,2.24,0.32,1.07,1.07,1,1.093457944
76,L1117,Laiwu,2.05,0.15,1.13,0.95,1.189473684,0.814159292
280,L1118,Laiwu,2.34,0.09,0.71,1.7,0.417647059,2.295774648
134,L1119,Laiwu,2.52,0.22,1.4,1.35,1.037037037,0.8
279,L1122,Laiwu,2.69,0.37,1.19,1.53,0.777777778,1.260504202
86,L1123,Laiwu,2.68,0.21,1.53,1.24,1.233870968,0.751633987
80,L1124,Laiwu,2.72,0.11,1.36,1.35,1.007407407,1
94,L1125,Laiwu,2.87,0.4,1.31,1.72,0.761627907,1.190839695
61,L1126,Laiwu,2.3,0.17,0.97,1.47,0.659863946,1.371134021
84,L1127,Laiwu,1.06,0.08,0.65,0.53,1.226415094,0.630769231
261,L1129,Laiwu,2.6,0.2,1.05,1.42,0.73943662,1.476190476
265,L1131,Laiwu,2.29,0.37,1.07,1.19,0.899159664,1.140186916
65,L1133,Laiwu,1.76,0.09,0.54,1.31,0.41221374,2.259259259
73,L1134,Laiwu,2.14,0.14,1.35,0.95,1.421052632,0.585185185
104,L1136,Laiwu,2.14,0.5,0.94,1.23,0.764227642,1.276595745
269,L1137,Laiwu,2.25,0.38,1.15,1.05,1.095238095,0.956521739
277,L1140,Laiwu,2.8,0.2,1.32,1.4,0.942857143,1.121212121
157,L1141,Laiwu,1.64,0.2,0.52,1.07,0.485981308,2.153846154
281,L1143,Laiwu,1.5,0.22,0.54,0.86,0.627906977,1.777777778
69,L1144,Laiwu,1.92,0.43,0.92,1.08,0.851851852,1.086956522
108,L1146,Laiwu,2.01,0.11,0.8,1.33,0.601503759,1.5125
88,L1147,Laiwu,1.91,0.08,1.04,0.87,1.195402299,0.836538462
51,L1148,Laiwu,1.7,0.11,0.73,1.07,0.682242991,1.328767123
77,L1149,Laiwu,2.13,0.13,1.02,1.13,0.902654867,1.088235294
75,L1150,Laiwu,2.3,0.06,1.09,1.4,0.778571429,1.110091743
56,L1151,Laiwu,1.56,0.09,0.51,1.18,0.43220339,2.058823529
60,L1152,Laiwu,2.68,0.09,1.39,1.3,1.069230769,0.928057554
87,L1153,Laiwu,2.51,0.1,0.76,1.72,0.441860465,2.302631579
92,L1155,Laiwu,1.25,0.06,0.51,0.88,0.579545455,1.450980392
159,L1157,Laiwu,2.83,0.07,1,1.91,0.523560209,1.83
29,L1158,Laiwu,1.97,0.16,0.73,1.35,0.540740741,1.698630137
74,L1159,Laiwu,2.25,0.08,1.15,1.24,0.927419355,0.956521739
49,L1160,Laiwu,2.17,0.26,1.07,1.18,0.906779661,1.028037383
89,L1161,Laiwu,1.63,0.25,0.85,0.87,0.977011494,0.917647059
85,L1162,Laiwu,2.24,0.13,1.19,1.12,1.0625,0.882352941
282,L1163,Laiwu,2.42,0.15,1.26,1.13,1.115044248,0.920634921
286,L1165,Laiwu,2.21,0.13,0.8,1.47,0.544217687,1.7625
289,L1166,Laiwu,2.69,0.07,1.17,1.56,0.75,1.299145299
96,L1167,Laiwu,2.06,0.1,0.77,1.38,0.557971014,1.675324675
293,L1168,Laiwu,1.97,0.11,0.56,1.33,0.421052632,2.517857143
297,L1169,Laiwu,2.22,0.15,0.74,1.35,0.548148148,2
64,L1170,Laiwu,3.1,0.53,1.63,1.6,1.01875,0.901840491
178,L1171,Laiwu,2.12,0.06,0.78,1.39,0.561151079,1.717948718
143,L1173,Laiwu,2.77,0.29,1.04,1.89,0.55026455,1.663461538
267,L1174,Laiwu,2.15,0.14,0.45,1.63,0.27607362,3.777777778
163,L1175,Laiwu,2.62,0.1,1.13,1.46,0.773972603,1.318584071
91,L1176,Laiwu,2.62,0.11,1.34,1.39,0.964028777,0.955223881
166,L1177,Laiwu,2.2,0.27,1.03,0.96,1.072916667,1.13592233
284,L1178,Laiwu,2.18,0.23,1.16,0.88,1.318181818,0.879310345
144,L1179,Laiwu,2.94,0.37,0.63,2.4,0.2625,3.666666667
90,L1180,Laiwu,2.08,0.09,1.02,1.23,0.829268293,1.039215686
95,L1181,Laiwu,1.99,0.14,0.94,1.1,0.854545455,1.117021277
55,L1182,Laiwu,2.18,0.74,1.43,0.76,1.881578947,0.524475524
81,L1183,Laiwu,1.76,0.17,0.74,1.04,0.711538462,1.378378378
130,L1184,Laiwu,2.59,0.09,1.26,1.53,0.823529412,1.055555556
100,L1186,Laiwu,2.08,0.09,0.85,1.08,0.787037037,1.447058824
287,L1187,Laiwu,1.95,0.19,0.68,1.35,0.503703704,1.867647059
119,L1188,Laiwu,2.63,0.34,1.19,1.65,0.721212121,1.210084034
57,L1189,Laiwu,2.1,0.18,1.07,1.2,0.891666667,0.962616822
291,L1191,Laiwu,3.07,0.06,0.97,2.2,0.440909091,2.164948454
78,L1192,Laiwu,1.5,0.06,0.82,0.89,0.921348315,0.829268293
295,L1193,Laiwu,2.5,0.1,0.71,2.02,0.351485149,2.521126761
68,L1194,Laiwu,2.07,0.07,1.14,0.99,1.151515152,0.815789474
53,L1195,Laiwu,2.19,0.11,0.83,1.5,0.553333333,1.638554217
299,L1196,Laiwu,1.9,0.28,0.69,1.21,0.570247934,1.753623188
145,L1197,Laiwu,2.09,0.22,0.45,1.58,0.284810127,3.644444444
82,L1198,Laiwu,2,0.15,1.14,1.01,1.128712871,0.754385965
50,L1199,Laiwu,1.93,0.09,1.19,0.91,1.307692308,0.621848739
303,L1200,Laiwu,2.17,0.21,1.18,1.07,1.102803738,0.838983051
283,L1201,Laiwu,2.23,0.29,0.75,1.45,0.517241379,1.973333333
120,L1202,Laiwu,2.73,0.44,1.56,1.12,1.392857143,0.75
136,L1203,Laiwu,2.52,0.62,1.34,1.3,1.030769231,0.880597015
177,L1204,Laiwu,2.42,0.18,1.09,1.35,0.807407407,1.220183486
181,L1207,Laiwu,2.34,0.15,0.76,1.58,0.481012658,2.078947368
171,L1208,Laiwu,1.77,0.26,0.78,0.95,0.821052632,1.269230769
165,L1209,Laiwu,2.22,0.1,0.93,1.44,0.645833333,1.387096774
198,L1210,Laiwu,2.15,0.34,1.23,0.92,1.336956522,0.74796748
115,L1212,Laiwu,1.59,0.2,0.67,0.89,0.752808989,1.373134328
148,L1213,Laiwu,2.12,0.49,1.12,1,1.12,0.892857143
275,L1215,Laiwu,2.45,0.2,0.98,1.42,0.690140845,1.5
118,L1216,Laiwu,1.8,0.29,0.85,1.01,0.841584158,1.117647059
133,L1217,Laiwu,2.82,0.19,1.22,1.67,0.730538922,1.31147541
290,L1218,Laiwu,2.47,0.33,1.09,1.49,0.731543624,1.266055046
189,L1221,Laiwu,2.76,0.31,1.16,1.6,0.725,1.379310345
186,L1222,Laiwu,2.57,0.27,1.15,1.39,0.827338129,1.234782609
175,L1223,Laiwu,2,0.18,0.71,1.26,0.563492063,1.816901408
190,L1224,Laiwu,3.11,0.25,1.08,2.09,0.516746411,1.87962963
152,L1225,Laiwu,1.99,0.27,1.05,1.15,0.913043478,0.895238095
179,L1226,Laiwu,2.4,0.21,0.99,1.34,0.73880597,1.424242424
169,L1227,Laiwu,2.41,0.14,0.83,1.58,0.525316456,1.903614458
294,L1228,Laiwu,2.81,0.71,1.26,1.42,0.887323944,1.23015873
137,L1229,Laiwu,1.97,0.18,1.34,0.76,1.763157895,0.470149254
298,L1230,Laiwu,2.53,0.14,1.11,1.36,0.816176471,1.279279279
302,L1231,Laiwu,2.14,0.1,0.91,1.18,0.771186441,1.351648352
183,L1232,Laiwu,3.2,0.17,1.15,1.98,0.580808081,1.782608696
285,L1233,Laiwu,2.09,0.28,0.81,1.21,0.669421488,1.580246914
191,L1234,Laiwu,2.6,0.28,1.09,1.46,0.746575342,1.385321101
208,L1235,Laiwu,2.91,0.41,1.08,1.74,0.620689655,1.694444444
288,L1236,Laiwu,1.96,0.17,0.88,1.07,0.822429907,1.227272727
192,L1237,Laiwu,2.08,0.38,0.76,1.17,0.64957265,1.736842105
156,L1240,Laiwu,2.17,0.09,1.08,1.33,0.812030075,1.009259259
142,L1241,Laiwu,2.18,0.16,1.02,1.33,0.766917293,1.137254902
99,L1242,Laiwu,2.54,0.26,1.21,1.32,0.916666667,1.099173554
147,L1243,Laiwu,2.38,0.2,0.88,1.4,0.628571429,1.704545455
160,L1244,Laiwu,2.14,0.21,1.02,1.22,0.836065574,1.098039216
187,L1245,Laiwu,2.45,0.1,0.79,1.74,0.454022989,2.101265823
164,L1246,Laiwu,2.1,0.16,0.94,1.24,0.758064516,1.234042553
292,L1247,Laiwu,2.35,0.39,1.26,1.27,0.992125984,0.865079365
182,L1248,Laiwu,2.49,0.34,1.18,1.25,0.944,1.110169492
140,L1249,Laiwu,2.39,0.15,1.16,1.46,0.794520548,1.060344828
63,L1252,Laiwu,1.94,0.08,0.92,1.13,0.814159292,1.108695652
67,L1253,Laiwu,1.93,0.1,0.8,1.38,0.579710145,1.4125
296,L1254,Laiwu,1.83,0.09,0.54,1.36,0.397058824,2.388888889
62,L1256,Laiwu,2.55,0.4,1.2,1.43,0.839160839,1.125
45,L1257,Laiwu,2.19,0.27,0.92,1.3,0.707692308,1.380434783
121,L1259,Laiwu,2.53,0.33,1.29,1.48,0.871621622,0.96124031
300,L1260,Laiwu,2.53,0.11,0.63,1.98,0.318181818,3.015873016
33,L1266,Laiwu,2.03,0.06,0.61,1.55,0.393548387,2.327868852
27,L1268,Laiwu,1.73,0.2,0.82,1.03,0.796116505,1.109756098
273,L1272,Laiwu,2.57,0.24,1.18,1.55,0.761290323,1.177966102
173,L1274,Laiwu,2.42,0.11,0.8,1.56,0.512820513,2.025
138,L1275,Laiwu,2.59,0.24,1.09,1.64,0.664634146,1.376146789
205,L1277,Laiwu,1.96,0.14,0.71,1.35,0.525925926,1.76056338
125,L1278,Laiwu,2.68,0.12,1.43,1.59,0.899371069,0.874125874
167,L1279,Laiwu,2.33,0.23,0.77,1.5,0.513333333,2.025974026
168,L1281,Laiwu,1.94,0.13,0.98,0.86,1.139534884,0.979591837
141,L1282,Laiwu,2.7,0.69,1.06,1.76,0.602272727,1.547169811
301,L1283,Laiwu,2.34,0.13,0.83,1.56,0.532051282,1.819277108
129,L1285,Laiwu,2.29,0.15,1.07,1.57,0.681528662,1.140186916
106,L1291,Laiwu,2.36,0.24,0.86,1.47,0.585034014,1.744186047
151,L1292,Laiwu,2.82,0.22,1.12,1.73,0.647398844,1.517857143
306,L1294,Laiwu,2.66,0.29,1.28,1.45,0.882758621,1.078125
309,L1295,Laiwu,2.25,0.21,1.25,1.11,1.126126126,0.8
101,L1296,Laiwu,2,0.44,0.97,1.07,0.906542056,1.06185567
312,L1298,Laiwu,1.94,0.12,0.51,1.29,0.395348837,2.803921569
146,L1299,Laiwu,2.52,0.2,1.16,1.51,0.768211921,1.172413793
235,L2001,Laiwu,1.92,0.09,0.52,1.34,0.388059701,2.692307692
218,L2003,Laiwu,2.33,0.58,0.7,1.43,0.48951049,2.328571429
239,L2004,Laiwu,2.05,0.07,0.9,1.39,0.647482014,1.277777778
203,L2005,Laiwu,3.28,0.27,1.23,2.05,0.6,1.666666667
223,L2007,Laiwu,1.62,0.06,0.54,1.02,0.529411765,2
229,L2008,Laiwu,2.42,0.1,0.82,1.77,0.463276836,1.951219512
232,L2010,Laiwu,2.43,0.48,1.5,1.22,1.229508197,0.62
251,L2011,Laiwu,2.28,0.09,1.28,1.42,0.901408451,0.78125
242,L2012,Laiwu,1.89,0.06,0.6,1.44,0.416666667,2.15
236,L2014,Laiwu,2.63,0.23,2.04,1.36,1.5,0.289215686
228,L2016,Laiwu,2.01,0.08,0.47,1.53,0.307189542,3.276595745
221,L2020,Laiwu,2.27,0.09,1.04,1.52,0.684210526,1.182692308
244,L2021,Laiwu,1.93,0.08,0.69,1.26,0.547619048,1.797101449
207,L2022,Laiwu,2.66,0.16,0.54,2.15,0.251162791,3.925925926
224,L2023,Laiwu,2.94,0.47,1.04,1.9,0.547368421,1.826923077
243,L2024,Laiwu,2.34,0.1,1.34,1.59,0.842767296,0.746268657
315,L2025,Laiwu,2.46,0.16,0.71,1.72,0.412790698,2.464788732
231,L2026,Laiwu,2.25,0.14,0.69,1.53,0.450980392,2.260869565
211,L2027,Laiwu,2.49,0.11,1.18,1.57,0.751592357,1.110169492
222,L2030,Laiwu,2.4,0.09,0.73,1.63,0.447852761,2.287671233
213,L2031,Laiwu,2.69,0.06,1.18,1.77,0.666666667,1.279661017
227,L2033,Laiwu,2.33,0.13,0.64,1.77,0.361581921,2.640625
220,L2034,Laiwu,1.88,0.07,0.98,1.31,0.748091603,0.918367347
318,L2035,Laiwu,2.31,0.09,1.51,1.69,0.893491124,0.529801325
230,L2038,Laiwu,2.54,0.12,0.87,1.61,0.540372671,1.91954023
217,L2039,Laiwu,2.2,0.12,1.31,1.44,0.909722222,0.679389313
246,L2040,Laiwu,1.89,0.11,0.74,1.32,0.560606061,1.554054054
254,L2041,Laiwu,2.5,0.17,0.95,1.63,0.582822086,1.631578947
216,L2042,Laiwu,1.98,0.05,0.57,1.57,0.363057325,2.473684211
305,L2044,Laiwu,2.09,0.13,0.79,1.29,0.612403101,1.64556962
240,L2045,Laiwu,2.05,0.07,0.97,1.24,0.782258065,1.113402062
255,L2046,Laiwu,2.49,0.24,0.99,1.46,0.678082192,1.515151515
199,L2047,Laiwu,1.73,0.09,0.53,1.24,0.427419355,2.264150943
308,L2048,Laiwu,2.33,0.25,0.91,1.28,0.7109375,1.56043956
226,L2049,Laiwu,2.71,0.25,0.73,1.89,0.386243386,2.712328767
311,L2050,Laiwu,2.25,0.23,1.19,1.39,0.856115108,0.890756303
234,L2051,Laiwu,2.24,0.09,0.98,1.45,0.675862069,1.285714286
237,L2052,Laiwu,2.19,0.2,0.84,1.22,0.68852459,1.607142857
215,L2055,Laiwu,1.99,0.18,1.01,1.31,0.770992366,0.97029703
209,L2056,Laiwu,2.38,0.35,0.84,1.38,0.608695652,1.833333333
314,L2057,Laiwu,2.59,0.12,1.44,1.73,0.832369942,0.798611111
317,L2058,Laiwu,2.61,0.2,1.46,1.52,0.960526316,0.787671233
256,L2060,Laiwu,2.51,0.34,1.17,1.47,0.795918367,1.145299145
219,L2062,Laiwu,2.51,0.12,1.66,1.8,0.922222222,0.512048193
319,L2063,Laiwu,1.38,0.16,0.45,0.89,0.505617978,2.066666667
304,L2064,Laiwu,2.2,0.1,1.1,1.49,0.738255034,1
238,L2065,Laiwu,1.92,0.09,0.52,1.34,0.388059701,2.692307692
195,L2067,Laiwu,2.94,0.32,1.04,1.82,0.571428571,1.826923077
233,L2068,Laiwu,2.18,0.11,0.62,1.53,0.405228758,2.516129032
250,L2070,Laiwu,1.77,0.12,0.42,1.24,0.338709677,3.214285714
249,L2072,Laiwu,2.7,0.12,0.84,1.82,0.461538462,2.214285714
248,L2073,Laiwu,2.03,0.2,0.89,0.99,0.898989899,1.280898876
307,L2074,Laiwu,2.06,0.05,0.55,1.51,0.364238411,2.745454545
310,L2075,Laiwu,2.41,0.26,0.9,1.44,0.625,1.677777778
247,L2076,Laiwu,2.54,0.17,0.89,1.56,0.570512821,1.853932584
241,L2077,Laiwu,1.6,0.11,0.64,0.88,0.727272727,1.5
253,L2078,Laiwu,2.12,0.14,0.88,1.21,0.727272727,1.409090909
257,L2079,Laiwu,2.34,0.12,1.01,1.53,0.660130719,1.316831683
225,L2080,Laiwu,1.68,0.07,0.61,1.13,0.539823009,1.754098361
313,L2081,Laiwu,1.95,0.11,0.54,1.41,0.382978723,2.611111111
258,L900,Laiwu,2.67,0.53,1.06,1.62,0.654320988,1.518867925
124,L901,Laiwu,2.2,0.14,0.99,1.58,0.626582278,1.222222222
123,L902,Laiwu,1.68,0.08,0.79,1.07,0.738317757,1.126582278
105,L903,Laiwu,2.22,0.14,0.8,1.5,0.533333333,1.775
15,L905,Laiwu,2.94,0.18,1.47,1.7,0.864705882,1
40,L906,Laiwu,2.81,0.24,0.95,2.06,0.461165049,1.957894737
112,L907,Laiwu,2.05,0.14,1,1.09,0.917431193,1.05
262,L908,Laiwu,2.81,0.2,1.18,1.48,0.797297297,1.381355932
155,L909,Laiwu,2.75,0.33,1.05,1.67,0.628742515,1.619047619
172,L910,Laiwu,2.5,0.22,0.99,1.51,0.655629139,1.525252525
150,L911,Laiwu,2.33,0.14,0.73,1.61,0.453416149,2.191780822
116,L912,Laiwu,2.27,0.12,1.09,1.4,0.778571429,1.082568807
97,L914,Laiwu,2.61,0.11,1.27,1.8,0.705555556,1.05511811
149,L915,Laiwu,2.15,0.06,0.79,1.34,0.589552239,1.721518987
109,L916,Laiwu,1.86,0.09,0.65,1.25,0.52,1.861538462
110,L919,Laiwu,2.46,0.26,0.93,1.57,0.592356688,1.64516129
266,L920,Laiwu,2.87,0.3,0.82,1.99,0.412060302,2.5
117,L921,Laiwu,1.98,0.11,0.61,1.37,0.445255474,2.245901639
176,L922,Laiwu,1.76,0.1,0.59,1.24,0.475806452,1.983050847
270,L923,Laiwu,2.43,0.14,0.86,1.67,0.51497006,1.825581395
114,L924,Laiwu,2.18,0.12,0.91,1.19,0.764705882,1.395604396
154,L925,Laiwu,2.24,0.3,0.86,1.2,0.716666667,1.604651163
128,L927,Laiwu,1.83,0.27,0.83,1.2,0.691666667,1.204819277
153,L928,Laiwu,2.22,0.14,0.87,1.31,0.664122137,1.551724138
180,L929,Laiwu,2.42,0.25,1.17,1.28,0.9140625,1.068376068
127,L930,Laiwu,3.37,NA,1.37,2.15,0.637209302,1.459854015
184,L931,Laiwu,2.78,0.43,1.17,1.6,0.73125,1.376068376
188,L932,Laiwu,2.24,0.13,0.94,1.35,0.696296296,1.382978723
131,L933,Laiwu,2.32,0.24,1.19,1.45,0.820689655,0.949579832
158,L934,Laiwu,2.47,0.19,1.05,1.35,0.777777778,1.352380952
98,L935,Laiwu,2.59,0.15,1.23,1.36,0.904411765,1.105691057
103,L936,Laiwu,2.76,0.24,0.94,1.8,0.522222222,1.936170213
93,L937,Laiwu,2.28,0.15,1.03,1.32,0.78030303,1.213592233
162,L939,Laiwu,1.9,0.13,0.68,1.19,0.571428571,1.794117647
170,L940,Laiwu,2.01,0.12,0.71,1.27,0.559055118,1.830985915
212,L942,Laiwu,2.14,0.28,NA,1.68,NA,NA
113,L943,Laiwu,2.19,0.29,1.01,1.42,0.711267606,1.168316832
126,L951,Laiwu,2.42,0.08,1.11,1.53,0.725490196,1.18018018
196,L952,Laiwu,1.78,0.13,0.74,1.02,0.725490196,1.405405405
185,L953,Laiwu,2.31,0.2,0.85,1.43,0.594405594,1.717647059
1,E1527A,Erhualian,3.27,0.19,1.48,2.12,0.698113208,1.209459459
3,E1598A,Erhualian,2.28,0.37,1.32,1.09,1.211009174,0.727272727
5,E1538A,Erhualian,2.96,0.26,1.32,1.9,0.694736842,1.242424242
7,E1523A,Erhualian,3.1,0.32,1.42,1.8,0.788888889,1.183098592
9,E1548A,Erhualian,2.33,0.57,1.15,1.29,0.891472868,1.026086957
11,E1531A,Erhualian,2.89,0.26,1.71,1.4,1.221428571,0.69005848
13,E1529A,Erhualian,2.64,0.18,1.2,1.6,0.75,1.2
15,E1513A,Erhualian,2.47,0.39,1.17,1.5,0.78,1.111111111
17,E1537A,Erhualian,2.67,0.73,1.3,1.41,0.921985816,1.053846154
21,E1546A,Erhualian,3.02,0.46,1.53,1.64,0.932926829,0.973856209
107,E1588A,Erhualian,2.97,0.29,1.3,1.74,0.747126437,1.284615385
323,E1539A,Erhualian,2.41,0.2,0.9,1.59,0.566037736,1.677777778
2,E2436A,Erhualian,2.56,0.15,0.99,1.83,0.540983607,1.585858586
4,E2432A,Erhualian,3.07,0.19,1.43,1.89,0.756613757,1.146853147
6,E2442A,Erhualian,3.07,0.34,1.53,1.71,0.894736842,1.006535948
8,E2439A,Erhualian,2.36,0.22,1.07,1.42,0.753521127,1.205607477
10,E2440A,Erhualian,2.19,0.55,0.94,1.22,0.770491803,1.329787234
12,E2426A,Erhualian,3.03,0.22,1.54,1.65,0.933333333,0.967532468
14,E2438A,Erhualian,2.23,0.14,0.96,1.39,0.690647482,1.322916667
16,E2417A,Erhualian,2.11,0.13,0.99,1.2,0.825,1.131313131
18,E2424A,Erhualian,2,0.35,1.01,1.06,0.952830189,0.98019802
19,E2451A,Erhualian,2.79,0.28,1.48,1.73,0.855491329,0.885135135
20,E2443A,Erhualian,2.69,0.25,1.08,1.77,0.610169492,1.490740741
22,E2428A,Erhualian,2.45,0.23,1.08,1.39,0.776978417,1.268518519
23,E2434A,Erhualian,2.67,0.39,1.28,1.44,0.888888889,1.0859375
24,E2449A,Erhualian,2.86,0.35,1.38,1.71,0.807017544,1.072463768
25,E2403A,Erhualian,2.35,0.17,1.05,1.36,0.772058824,1.238095238
29,E2405A,Erhualian,2.61,0.19,1.24,1.49,0.832214765,1.10483871
26,E2427A,Erhualian,2.07,0.2,0.71,1.51,0.470198675,1.915492958
27,E2435A,Erhualian,2.68,0.27,1.28,1.63,0.785276074,1.09375
28,E2419A,Erhualian,2.52,0.24,1.26,1.5,0.84,1
30,E2413A,Erhualian,2.77,0.21,1.44,1.53,0.941176471,0.923611111
31,E2412A,Erhualian,2.43,0.45,1.52,1.18,1.288135593,0.598684211
32,E2423A,Erhualian,2.43,0.21,1.83,1.61,1.136645963,0.327868852
33,E2402A,Erhualian,2.93,0.39,1.76,1.73,1.01734104,0.664772727
34,E2410A,Erhualian,2.18,0.22,1.05,1.21,0.867768595,1.076190476
35,E2408A,Erhualian,2.15,0.17,1.1,1.21,0.909090909,0.954545455
36,E2425A,Erhualian,2.53,0.16,1.41,1.35,1.044444444,0.794326241
37,E2416A,Erhualian,2.46,0.28,1.36,1.18,1.152542373,0.808823529
38,E2414A,Erhualian,2.5,0.63,2.09,1.41,1.482269504,0.196172249
39,E2433A,Erhualian,3.04,0.16,1,2.24,0.446428571,2.04
40,E1519A,Erhualian,2.51,0.11,1.36,1.37,0.99270073,0.845588235
41,E2404A,Erhualian,2.51,0.3,1.38,1.11,1.243243243,0.81884058
42,E2420A,Erhualian,2.3,0.47,1.24,1.2,1.033333333,0.85483871
43,E2418A,Erhualian,3.1,0.21,1.55,1.85,0.837837838,1
44,E1507A,Erhualian,3.27,0.24,1.66,1.9,0.873684211,0.969879518
45,E2430A,Erhualian,2.03,0.16,0.74,1.39,0.532374101,1.743243243
46,E2411A,Erhualian,2.66,0.12,1.19,1.72,0.691860465,1.235294118
47,E2422A,Erhualian,1.98,0.18,1,1.15,0.869565217,0.98
48,E1509A,Erhualian,2.42,0.2,2.13,1.47,1.448979592,0.136150235
49,E1534A,Erhualian,1.97,0.3,0.95,1.16,0.818965517,1.073684211
53,E1536A,Erhualian,2.34,0.2,0.84,1.56,0.538461538,1.785714286
57,E1517A,Erhualian,2.36,0.16,0.83,1.56,0.532051282,1.843373494
61,E1525A,Erhualian,2.17,0.24,1.57,1.3,1.207692308,0.382165605
110,E2415A,Erhualian,2.44,0.24,1.39,1.44,0.965277778,0.755395683
50,E2013A,Erhualian,2.17,0.28,0.82,1.44,0.569444444,1.646341463
51,E2002A,Erhualian,2.04,0.33,1.65,1.06,1.556603774,0.236363636
52,E2026A,Erhualian,2.46,0.28,1.97,1.51,1.304635762,0.248730964
54,E1556A,Erhualian,2.3,0.15,0.94,1.34,0.701492537,1.446808511
55,E2004A,Erhualian,2.04,0.21,0.75,1.35,0.555555556,1.72
56,E1554A,Erhualian,2.94,0.28,1.18,1.87,0.631016043,1.491525424
58,E1568A,Erhualian,2.08,0.25,0.73,1.38,0.528985507,1.849315068
59,E2008A,Erhualian,1.93,0.14,0.88,1.3,0.676923077,1.193181818
60,E1580A,Erhualian,2.78,0.17,1.89,1.99,0.949748744,0.470899471
62,E1582A,Erhualian,2.76,0.37,1.15,1.82,0.631868132,1.4
63,E2006A,Erhualian,2.49,0.24,2.06,1.5,1.373333333,0.208737864
64,E2007A,Erhualian,2.47,0.22,0.79,1.55,0.509677419,2.126582278
65,E1521A,Erhualian,2.54,0.29,1.03,1.59,0.647798742,1.466019417
66,E1552A,Erhualian,2.32,0.16,1.82,1.81,1.005524862,0.274725275
67,E2003A,Erhualian,2.3,0.08,0.86,1.61,0.534161491,1.674418605
68,E2009A,Erhualian,3.04,0.7,1.22,1.82,0.67032967,1.491803279
69,E2005A,Erhualian,3.07,NA,1.15,1.78,0.646067416,1.669565217
70,E1586A,Erhualian,2.57,0.18,0.83,NA,NA,NA
71,E2011A,Erhualian,2.67,0.22,0.8,1.91,0.418848168,2.3375
72,E2025A,Erhualian,2.22,0.13,0.56,1.74,0.32183908,2.964285714
73,E2015A,Erhualian,2.99,0.22,1.78,2.07,0.859903382,0.679775281
74,E1593B,Erhualian,2.42,0.33,1.36,1.5,0.906666667,0.779411765
75,E2030A,Erhualian,2.25,0.22,0.61,1.72,0.354651163,2.68852459
77,E2021A,Erhualian,2.27,0.64,0.9,1.51,0.59602649,1.522222222
78,E1595B,Erhualian,2.65,0.36,2.16,1.81,1.193370166,0.226851852
79,E2484A,Erhualian,2.24,0.31,1.2,1.06,1.132075472,0.866666667
81,E2023A,Erhualian,2.64,0.2,1.01,1.81,0.55801105,1.613861386
82,E2481B,Erhualian,2.52,0.2,1.9,2.17,0.875576037,0.326315789
83,E2041A,Erhualian,2.82,0.36,0.92,1.85,0.497297297,2.065217391
85,E2031A,Erhualian,2.78,0.39,1.81,2,0.905,0.535911602
86,E2485B,Erhualian,2.37,0.35,1.11,1.43,0.776223776,1.135135135
87,E1559B,Erhualian,2.68,0.44,1.02,1.61,0.633540373,1.62745098
89,E2478A,Erhualian,1.88,0.2,0.74,1.18,0.627118644,1.540540541
91,E1581B,Erhualian,2.56,0.13,1,1.81,0.552486188,1.56
93,E2032A,Erhualian,2.05,0.16,0.72,1.36,0.529411765,1.847222222
95,E1589B,Erhualian,2.52,0.36,0.88,1.68,0.523809524,1.863636364
327,E2034A,Erhualian,1.94,0.42,0.7,1.34,0.52238806,1.771428571
328,E2037A,Erhualian,1.38,0.33,0.34,NA,NA,NA
76,E2040A,Erhualian,1.95,0.23,1.39,1.09,1.275229358,0.402877698
80,E2492A,Erhualian,2.26,0.29,1.9,1.26,1.507936508,0.189473684
84,E2494A,Erhualian,2.8,0.26,2.17,1.56,1.391025641,0.290322581
88,E2498A,Erhualian,2.32,0.59,1.19,1.05,1.133333333,0.949579832
90,E2047A,Erhualian,2.24,0.29,0.86,1.48,0.581081081,1.604651163
92,E2488A,Erhualian,2.24,0.16,1.87,1.28,1.4609375,0.197860963
94,E2500A,Erhualian,2.52,0.23,1.18,1.64,0.719512195,1.13559322
96,E2480A,Erhualian,2.04,0.31,1.64,1.09,1.504587156,0.243902439
97,E2053A,Erhualian,1.7,0.25,1.44,0.96,1.5,0.180555556
98,E2448A,Erhualian,2.25,0.23,1.7,1.4,1.214285714,0.323529412
99,E2470A,Erhualian,2.41,0.42,2.11,1.07,1.971962617,0.142180095
101,E2446A,Erhualian,2.37,0.35,1.03,1.4,0.735714286,1.300970874
102,E2486A,Erhualian,1.75,0.15,1.46,0.78,1.871794872,0.198630137
103,E2450A,Erhualian,2,0.53,1.61,0.83,1.939759036,0.242236025
104,E2490A,Erhualian,2.05,0.31,1.48,1.19,1.243697479,0.385135135
105,E2474A,Erhualian,2.06,0.47,1.72,1.04,1.653846154,0.197674419
106,E2057A,Erhualian,1.43,0.44,0.73,0.93,0.784946237,0.95890411
108,E2464A,Erhualian,1.79,0.42,1.36,0.93,1.462365591,0.316176471
109,E2069A,Erhualian,2.5,0.19,1.8,1.73,1.040462428,0.388888889
111,E2458A,Erhualian,2.19,0.22,1.77,1.24,1.427419355,0.237288136
112,E1437B,Erhualian,2.19,0.22,1.01,1.57,0.643312102,1.168316832
114,E2497B,Erhualian,1.96,0.19,1.56,1.33,1.172932331,0.256410256
116,E1458B,Erhualian,2.01,0.2,1.61,1.33,1.210526316,0.248447205
118,E2499B,Erhualian,2.11,0.313,1.59,1.31,1.213740458,0.327044025
120,E2469B,Erhualian,2.25,0.18,1.55,1.54,1.006493506,0.451612903
124,E2471B,Erhualian,2.4,0.34,1.85,1.32,1.401515152,0.297297297
128,E2491B,Erhualian,2.08,0.3,0.83,1.43,0.58041958,1.506024096
132,E2493B,Erhualian,2.06,0.22,1.42,1.44,0.986111111,0.450704225
113,E2078A,Erhualian,2.15,0.21,1.61,1.72,0.936046512,0.335403727
115,E2100A,Erhualian,1.66,0.16,1.02,1.17,0.871794872,0.62745098
117,E2080A,Erhualian,1.64,0.08,1.26,1.21,1.041322314,0.301587302
119,E2086A,Erhualian,2.44,0.08,1.65,1.64,1.006097561,0.478787879
121,E2090A,Erhualian,1.68,0.13,1.27,1.16,1.094827586,0.322834646
122,E2083A,Erhualian,1.75,0.1,1.25,1.4,0.892857143,0.4
123,E2076A,Erhualian,2.36,0.12,1.84,1.47,1.25170068,0.282608696
125,E2094A,Erhualian,1.65,0.18,1.21,1.23,0.983739837,0.363636364
126,E2093A,Erhualian,2.02,0.07,1.53,1.7,0.9,0.320261438
127,E2091A,Erhualian,2.02,0.1,1.31,1.45,0.903448276,0.541984733
129,E2092A,Erhualian,1.92,0.14,1.45,1.62,0.895061728,0.324137931
130,E2075A,Erhualian,2.38,0.21,1.66,2.07,0.801932367,0.43373494
131,E2087A,Erhualian,1.71,0.11,1.24,1.33,0.932330827,NA
133,E2096A,Erhualian,1.6,0.12,1.14,1.24,0.919354839,0.403508772
134,E2084A,Erhualian,1.98,0.3,1.43,1.26,1.134920635,0.384615385
135,E2097A,Erhualian,1.97,0.15,1.44,1.41,1.021276596,0.368055556
136,E2225A,Erhualian,1.46,0.09,NA,1.16,NA,NA
137,E2060B,Erhualian,2,0.15,0.81,1.67,0.48502994,1.469135802
138,E2240A,Erhualian,1.73,0.1,1.41,1.11,1.27027027,0.226950355
139,E2072B,Erhualian,2.19,0.31,1.71,1.38,1.239130435,0.280701754
140,E2220A,Erhualian,2.94,0.21,1.96,1.88,1.042553191,0.5
141,E2062B,Erhualian,2.22,0.12,1.72,1.87,0.919786096,0.290697674
142,E2229A,Erhualian,2.07,0.2,1.57,1.73,0.907514451,0.318471338
143,E2073B,Erhualian,2.07,0.26,1.7,1.4,1.214285714,0.217647059
144,E2222A,Erhualian,1.7,0.13,1.31,1.14,1.149122807,0.297709924
145,E2063B,Erhualian,2.08,0.17,1.73,1.7,1.017647059,0.202312139
146,E2231A,Erhualian,1.75,0.13,1.39,1.45,0.95862069,0.258992806
147,E2074B,Erhualian,2.04,0.26,1.38,1.33,1.037593985,0.47826087
148,E2224A,Erhualian,1.61,0.17,1.22,1.04,1.173076923,0.319672131
149,E2067B,Erhualian,2.1,0.35,1.75,1.37,1.277372263,0.2
150,E2052B,Erhualian,2.49,0.27,1.8,1.87,0.962566845,0.383333333
151,E2209B,Erhualian,2.07,0.18,1.64,1.78,0.921348315,0.262195122
152,E2210A,Erhualian,1.86,0.26,1.38,1.16,1.189655172,0.347826087
153,E2068B,Erhualian,1.76,0.2,1.37,1.19,1.151260504,0.284671533
154,E2054B,Erhualian,2.5,0.25,1.86,1.47,1.265306122,0.344086022
155,E2234B,Erhualian,1.73,0.22,1.16,1.09,1.064220183,0.49137931
157,E2071B,Erhualian,2.29,0.19,1.86,1.77,1.050847458,0.231182796
158,E2058B,Erhualian,2.34,0.3,1.8,1.48,1.216216216,0.3
159,E2236B,Erhualian,1.61,0.23,1.23,1.25,0.984,0.308943089
330,E2219B,Erhualian,2.46,0.56,1.41,1.78,0.792134831,0.744680851
334,E2232A,Erhualian,2.06,0.28,0.8,1.46,0.547945205,1.575
100,E2268A,Erhualian,2.24,0.17,1.85,1.55,1.193548387,0.210810811
156,E2278A,Erhualian,1.56,0.18,1.21,1.24,0.975806452,0.289256198
160,E2237B,Erhualian,1.73,0.08,1.09,1.47,0.741496599,0.587155963
164,E2414B,Erhualian,2.28,0.12,1.73,1.86,0.930107527,0.317919075
168,E2457B,Erhualian,2.38,0.23,1.6,1.45,1.103448276,0.4875
256,E2266A,Erhualian,1.69,0.12,1.34,1.3,1.030769231,0.26119403
257,E2253A,Erhualian,1.85,0.28,1.4,1.12,1.25,0.321428571
258,E2261A,Erhualian,2.01,0.18,1.59,1.46,1.089041096,0.264150943
259,E1462B,Erhualian,2.25,0.17,1.78,1.5,1.186666667,0.264044944
260,E2264A,Erhualian,1.6,0.08,1.27,1.16,1.094827586,0.25984252
261,E1417B,Erhualian,1.96,0.15,0.72,1.3,0.553846154,1.722222222
262,E2257A,Erhualian,1.83,0.16,1.2,1.29,0.930232558,0.525
263,E1465B,Erhualian,1.94,0.16,1.03,1.63,0.63190184,0.883495146
264,E2274A,Erhualian,2.12,0.16,1.59,1.33,1.195488722,0.333333333
265,E1421B,Erhualian,1.86,0.2,1.42,1.33,1.067669173,0.309859155
266,E2259A,Erhualian,2.17,0.32,1.59,1.46,1.089041096,0.364779874
267,E1467B,Erhualian,2.37,0.31,1.91,1.62,1.179012346,0.240837696
268,E2288A,Erhualian,2.1,0.12,0.89,1.45,0.613793103,1.359550562
269,E1444B,Erhualian,1.83,0.19,1.06,1.29,0.821705426,0.726415094
270,E2269A,Erhualian,2.4,0.15,1.74,1.84,0.945652174,0.379310345
271,E1469B,Erhualian,1.97,0.13,0.58,1.67,0.347305389,2.396551724
272,E2290A,Erhualian,1.67,0.17,1.21,1.07,1.130841121,0.380165289
273,E1457B,Erhualian,1.91,0.14,1.5,1.23,1.219512195,0.273333333
274,E2296A,Erhualian,1.72,0.16,1.34,1.09,1.229357798,0.28358209
275,E1471B,Erhualian,2.21,0.17,1.5,1.88,0.79787234,0.473333333
276,E2300A,Erhualian,1.79,0.29,0.87,1.07,0.813084112,1.057471264
277,E1459B,Erhualian,2.25,0.34,1.69,1.64,1.030487805,0.331360947
278,E2249A,Erhualian,1.67,0.16,1.34,1.28,1.046875,0.246268657
279,E1473B,Erhualian,2.02,0.17,1.28,1.56,0.820512821,0.578125
280,E1475B,Erhualian,1.87,0.19,1.51,1.38,1.094202899,0.238410596
284,E1477B,Erhualian,1.79,0.16,1.31,1.44,0.909722222,0.366412214
329,E2276A,Erhualian,1.88,0.18,1.41,1.21,1.165289256,0.333333333
335,E2284A,Erhualian,2,0.09,1.55,1.55,1,0.290322581
336,E2286A,Erhualian,2.18,0.46,1.82,1.16,1.568965517,0.197802198
161,E1430B,Erhualian,2.03,0.23,1.55,1.43,1.083916084,0.309677419
162,E1419B,Erhualian,2,0.18,1.5,1.51,0.993377483,0.333333333
163,E1446B,Erhualian,1.3,0.1,1.07,0.96,1.114583333,0.214953271
165,E1432B,Erhualian,1.58,0.12,1.18,1.24,0.951612903,0.338983051
166,E1420B,Erhualian,2.02,0.4,1.58,1.3,1.215384615,0.278481013
167,E1447B,Erhualian,2.12,0.31,1.4,1.6,0.875,0.514285714
169,E1440B,Erhualian,2.14,0.18,1.28,1.56,0.820512821,0.671875
170,E1422B,Erhualian,2.23,0.17,0.88,1.93,0.455958549,1.534090909
171,E1448B,Erhualian,1.43,0.11,1.15,1.23,0.93495935,0.243478261
172,E1413B,Erhualian,1.96,0.19,0.93,1.36,0.683823529,1.107526882
173,E1442B,Erhualian,1.43,0.19,1.11,0.96,1.15625,0.288288288
174,E1423B,Erhualian,1.67,0.16,0.51,1.29,0.395348837,2.274509804
175,E1449B,Erhualian,2.19,0.11,1.72,1.89,0.91005291,0.273255814
178,E1424B,Erhualian,2.56,0.3,1.9,1.87,1.016042781,0.347368421
179,E1450B,Erhualian,2.23,0.07,1.75,1.9,0.921052632,0.274285714
180,E1418B,Erhualian,2.11,0.49,1.76,1.15,1.530434783,0.198863636
181,E1445B,Erhualian,2.18,0.16,1.52,1.78,0.853932584,0.434210526
182,E1428B,Erhualian,2.48,0.18,1.81,1.74,1.040229885,0.370165746
183,E1454B,Erhualian,2.23,0.29,1.64,1.63,1.006134969,0.359756098
184,E1456B,Erhualian,2.66,0.25,1.56,1.55,1.006451613,0.705128205
186,E2283B,Erhualian,2.54,0.28,2.01,1.88,1.069148936,0.263681592
188,E1479B,Erhualian,1.96,0.11,1.62,1.72,0.941860465,0.209876543
190,E2287B,Erhualian,2.56,0.28,1.79,1.83,0.978142077,0.430167598
192,E1481B,Erhualian,NA,NA,NA,NA,NA,NA
194,E2289B,Erhualian,2.25,0.35,1.73,1.73,1,0.300578035
196,E1483B,Erhualian,2.07,0.08,1.52,1.87,0.812834225,0.361842105
198,E2291B,Erhualian,1.68,0.22,1.15,1.25,0.92,0.460869565
200,E1485B,Erhualian,1.93,0.11,1.57,1.49,1.053691275,0.229299363
202,E2293B,Erhualian,2.54,0.4,2,2.11,0.947867299,0.27
204,E2279B,Erhualian,2.32,0.14,1.57,1.95,0.805128205,0.477707006
331,E1415B,Erhualian,2.31,0.23,1.2,1.24,0.967741935,0.925
332,E2281B,Erhualian,2.28,0.37,1.81,1.48,1.222972973,0.259668508
333,E1443B,Erhualian,1.87,0.2,1.41,1.29,1.093023256,0.326241135
185,E1550A,Erhualian,1.87,0.17,0.5,1.41,0.354609929,2.74
187,E1414B,Erhualian,1.79,0.14,0.83,0.89,0.93258427,1.156626506
189,E1405B,Erhualian,NA,NA,NA,NA,NA,NA
191,E1425B,Erhualian,1.79,0.12,0.49,1.39,0.352517986,2.653061224
193,E1407B,Erhualian,2.01,0.34,0.68,1.33,0.511278195,1.955882353
195,E1429B,Erhualian,2.42,0.21,0.65,1.89,0.343915344,2.723076923
197,E1408B,Erhualian,2.24,0.71,0.99,1.16,0.853448276,1.262626263
199,E1433B,Erhualian,2.1,0.1,0.66,1.5,0.44,2.181818182
201,E1409B,Erhualian,2.1,0.27,0.63,1.56,0.403846154,2.333333333
203,E1434B,Erhualian,2.5,0.16,1.15,1.96,0.586734694,1.173913043
205,E1412B,Erhualian,2.13,0.13,0.97,1.41,0.687943262,1.195876289
206,E1592A,Erhualian,1.84,0.1,0.8,1.33,0.601503759,1.3
207,E1436B,Erhualian,1.79,0.1,0.51,1.25,0.408,2.509803922
208,E1503B,Erhualian,2.7,0.13,0.9,2.13,0.422535211,2
209,E1555B,Erhualian,2.45,0.14,0.96,1.57,0.611464968,1.552083333
210,E1541B,Erhualian,2.18,0.09,0.83,1.49,0.55704698,1.626506024
211,E1585B,Erhualian,NA,NA,NA,NA,NA,NA
212,E1505B,Erhualian,2.53,0.06,0.66,1.98,0.333333333,2.833333333
213,E1557B,Erhualian,2.87,0.15,1.13,2.44,0.463114754,1.539823009
214,E1542B,Erhualian,2.34,0.09,1.05,1.44,0.729166667,1.228571429
215,E1594B,Erhualian,2.33,0.145,1.31,1.38,0.949275362,0.778625954
216,E1511B,Erhualian,2.22,0.37,0.94,1.38,0.68115942,1.361702128
217,E1564B,Erhualian,2.11,0.21,0.97,1.22,0.795081967,1.175257732
218,E1543B,Erhualian,1.88,0.09,0.83,1.49,0.55704698,1.265060241
219,E1596B,Erhualian,2.23,0.1,0.67,1.71,0.391812865,2.328358209
220,E1533B,Erhualian,2.34,0.22,0.64,1.8,0.355555556,2.65625
221,E1569B,Erhualian,2.08,0.1,0.61,1.44,0.423611111,2.409836066
222,E1544B,Erhualian,1.9,0.15,0.71,1.15,0.617391304,1.676056338
223,E2095B,Erhualian,1.37,0.12,0.35,1.44,0.243055556,2.914285714
224,E1535B,Erhualian,2.14,0.25,0.51,1.66,0.307228916,3.196078431
225,E1577B,Erhualian,2.13,0.16,0.58,1.6,0.3625,2.672413793
226,E1545B,Erhualian,1.65,0.06,0.29,1.34,0.21641791,NA
227,E2444B,Erhualian,2,0.1,0.73,1.45,0.503448276,1.739726027
228,E1540B,Erhualian,2.06,0.22,0.62,1.44,0.430555556,2.322580645
229,E1578B,Erhualian,2.62,0.11,0.85,1.94,0.43814433,2.082352941
230,E1547B,Erhualian,2.03,0.12,0.75,1.39,0.539568345,1.706666667
231,E2452B,Erhualian,2,0.19,0.92,1.14,0.807017544,1.173913043
232,E2475B,Erhualian,2.28,0.1,0.83,1.91,0.434554974,1.746987952
236,E2477B,Erhualian,2.1,0.1,0.7,1.5,0.466666667,2
240,E2489B,Erhualian,2,0.16,0.7,1.35,0.518518519,1.857142857
307,E2064B,Erhualian,2.27,0.1,1.12,1.86,0.602150538,1.026785714
309,E1455B,Erhualian,1.77,0.42,0.57,1.253,0.45490822,2.105263158
311,E1567B,Erhualian,2.13,0.18,1.17,1.59,0.735849057,0.820512821
313,E2230B,Erhualian,1.4,0.13,0.37,1.09,0.339449541,2.783783784
317,E1515B,Erhualian,2.13,0.14,1.29,1.42,0.908450704,0.651162791
321,E1549B,Erhualian,NA,NA,NA,NA,NA,NA
325,E1452B,Erhualian,1.85,0.11,1.07,1.37,0.781021898,0.728971963
244,E2271B,Erhualian,1.7,0.21,0.38,1.27,0.299212598,3.473684211
248,E2273B,Erhualian,1.97,0.14,0.78,1.4,0.557142857,1.525641026
252,E2275B,Erhualian,2.14,0.09,0.4,1.72,0.23255814,4.35
234,E2277B,Erhualian,2.1,0.28,0.71,1.3,0.546153846,1.957746479
238,E2402B,Erhualian,2.36,0.29,1.06,1.15,0.92173913,1.226415094
242,E2405B,Erhualian,2.62,0.15,0.99,1.59,0.622641509,1.646464646
246,E2407B,Erhualian,2.4,0.16,0.97,1.39,0.697841727,1.474226804
250,E2408B,Erhualian,2.51,0.27,1.14,1.28,0.890625,1.201754386
254,E2410B,Erhualian,2.19,0.12,0.89,1.41,0.631205674,1.460674157
233,E2424B,Erhualian,2.9,0.22,1.25,1.45,0.862068966,1.32
237,E2426B,Erhualian,3.11,0.23,1.12,1.9,0.589473684,1.776785714
241,E2428B,Erhualian,2.27,0.11,0.83,1.43,0.58041958,1.734939759
245,E2430B,Erhualian,2.56,0.11,0.76,1.72,0.441860465,2.368421053
249,E2431B,Erhualian,2.29,0.11,0.73,1.55,0.470967742,2.136986301
253,E2434B,Erhualian,1.57,0.11,0.5,1.01,0.495049505,2.14
235,E2438B,Erhualian,2.36,0.18,0.74,1.49,0.496644295,2.189189189
239,E2440B,Erhualian,2.2,0.16,0.84,1.4,0.6,1.619047619
243,E2442B,Erhualian,2.45,0.12,0.99,1.49,0.66442953,1.474747475
247,E2464B,Erhualian,2.3,0.15,0.81,1.4,0.578571429,1.839506173
251,E2466B,Erhualian,2.54,0.18,1.11,1.48,0.75,1.288288288
292,E2470B,Erhualian,2.42,0.24,0.93,1.39,0.669064748,1.602150538
296,E2472B,Erhualian,2.1,0.12,0.85,1.21,0.702479339,1.470588235
300,E2474B,Erhualian,2.22,0.36,0.85,1.23,0.691056911,1.611764706
282,E2486B,Erhualian,2.46,0.13,1.01,1.35,0.748148148,1.435643564
286,E2487B,Erhualian,2.06,0.09,0.93,1.18,0.788135593,1.215053763
290,E2488B,Erhualian,3.15,0.27,1.27,1.8,0.705555556,1.480314961
294,E2490B,Erhualian,1.87,0.1,0.64,1.1,0.581818182,1.921875
298,E2496B,Erhualian,1.96,0.11,0.77,1.08,0.712962963,1.545454545
302,E2500B,Erhualian,2.12,0.14,0.94,1.19,0.789915966,1.255319149
315,E2467B,Erhualian,2.22,0.11,0.73,1.49,0.489932886,2.04109589
319,E2461B,Erhualian,2.36,0.1,1,1.36,0.735294118,1.36
281,E1401B,Erhualian,2.06,0.25,0.8,1.28,0.625,1.575
285,E1403B,Erhualian,1.95,0.13,0.38,1.52,0.25,4.131578947
289,E1411B,Erhualian,1.55,0.12,0.35,1.18,0.296610169,3.428571429
293,E1427B,Erhualian,2.46,0.15,1.27,1.54,0.824675325,0.937007874
297,E1431B,Erhualian,1.84,0.15,0.42,1.3,0.323076923,3.380952381
283,E2207B,Erhualian,2.1,0.09,0.43,1.56,0.275641026,3.88372093
287,E2297B,Erhualian,1.85,0.13,0.34,1.44,0.236111111,4.441176471
291,E2299B,Erhualian,1.81,0.22,0.56,1.19,0.470588235,2.232142857
255,E2468B1,Erhualian,2.09,0.15,0.87,1.21,0.719008264,1.402298851
305,E2482B2,Erhualian,2.1,0.17,0.75,1.31,0.572519084,1.8
301,E1599B,Erhualian,2.01,0.18,0.69,1.38,0.5,1.913043478
295,E2401B,Erhualian,2.35,0.07,0.65,1.75,0.371428571,2.615384615
299,E2411B,Erhualian,2.08,0.19,1.37,1.25,1.096,0.518248175
303,E2413B,Erhualian,2.13,0.39,0.86,1.38,0.623188406,1.476744186
304,E2415B,Erhualian,2.17,0.12,1.11,1.55,0.716129032,0.954954955
308,E2417B,Erhualian,2.07,0.11,1.08,1.35,0.8,0.916666667
312,E2423B,Erhualian,1.89,0.1,1.33,1.13,1.17699115,0.421052632
316,E2432B,Erhualian,2.03,0.11,1.05,1.23,0.853658537,0.933333333
320,E2441B,Erhualian,2.39,0.11,1.33,1.41,0.943262411,0.796992481
324,E2443B,Erhualian,2.16,0.12,1.36,1.42,0.957746479,0.588235294
306,E2446B,Erhualian,NA,NA,NA,NA,NA,NA
310,E2448B,Erhualian,1.84,0.06,0.66,1.3,0.507692308,1.787878788
314,E2476B,Erhualian,2.08,0.11,1.17,1.2,0.975,0.777777778
318,E2478B,Erhualian,NA,NA,NA,NA,NA,NA
322,E2480B,Erhualian,2.08,0.19,0.94,1.2,0.783333333,1.212765957
288,E2468B2,Erhualian,2.55,0.08,1.2,1.61,0.745341615,1.125
326,E2482B1,Erhualian,2.51,0.22,0.93,1.74,0.534482759,1.698924731
3,DLY0091,Duroc_x_Landrace_x_Yorkshire,2.24,0.18,0.71,1.44,0.493055556,2.154929577
5,DLY0092,Duroc_x_Landrace_x_Yorkshire,2.41,0.24,1.08,1.21,0.892561983,1.231481481
6,DLY0093,Duroc_x_Landrace_x_Yorkshire,2.01,0.35,0.67,1.14,0.587719298,2
7,DLY0094,Duroc_x_Landrace_x_Yorkshire,2.04,0.12,0.55,1.38,0.398550725,2.709090909
11,DLY0095,Duroc_x_Landrace_x_Yorkshire,2.13,0.11,0.82,1.2,0.683333333,1.597560976
15,DLY0096,Duroc_x_Landrace_x_Yorkshire,2.29,0.19,0.61,1.47,0.414965986,2.754098361
19,DLY0097,Duroc_x_Landrace_x_Yorkshire,2.4,0.26,0.89,1.26,0.706349206,1.696629213
23,DLY0098,Duroc_x_Landrace_x_Yorkshire,2.14,0.11,0.7,1.22,0.573770492,2.057142857
27,DLY0099,Duroc_x_Landrace_x_Yorkshire,2.3,0.32,0.78,1.25,0.624,1.948717949
9,DLY0100,Duroc_x_Landrace_x_Yorkshire,2.14,0.12,1.05,1.03,1.019417476,1.038095238
13,DLY0101,Duroc_x_Landrace_x_Yorkshire,2.73,0.44,0.97,1.43,0.678321678,1.81443299
17,DLY0102,Duroc_x_Landrace_x_Yorkshire,2.48,0.1,0.95,1.34,0.708955224,1.610526316
21,DLY0103,Duroc_x_Landrace_x_Yorkshire,2.21,0.23,0.63,1.35,0.466666667,2.507936508
25,DLY0104,Duroc_x_Landrace_x_Yorkshire,1.77,0.09,0.6,1.1,0.545454545,1.95
29,DLY0105,Duroc_x_Landrace_x_Yorkshire,2.4,0.31,0.66,1.54,0.428571429,2.636363636
8,DLY0106,Duroc_x_Landrace_x_Yorkshire,2.14,0.62,0.56,1.35,0.414814815,2.821428571
12,DLY0107,Duroc_x_Landrace_x_Yorkshire,2.73,0.38,0.96,1.54,0.623376623,1.84375
16,DLY0108,Duroc_x_Landrace_x_Yorkshire,3,0.26,0.78,1.94,0.402061856,2.846153846
20,DLY0109,Duroc_x_Landrace_x_Yorkshire,2.44,0.39,0.88,1.4,0.628571429,1.772727273
24,DLY0110,Duroc_x_Landrace_x_Yorkshire,1.85,0.29,0.72,0.92,0.782608696,1.569444444
28,DLY0111,Duroc_x_Landrace_x_Yorkshire,2.07,0.46,0.74,1.08,0.685185185,1.797297297
10,DLY0112,Duroc_x_Landrace_x_Yorkshire,1.84,0.17,0.48,1.21,0.396694215,2.833333333
14,DLY0113,Duroc_x_Landrace_x_Yorkshire,2.28,0.39,0.67,1.34,0.5,2.402985075
18,DLY0114,Duroc_x_Landrace_x_Yorkshire,2.29,0.39,0.87,1.15,0.756521739,1.632183908
22,DLY0115,Duroc_x_Landrace_x_Yorkshire,2.26,0.62,0.8,1.28,0.625,1.825
26,DLY0116,Duroc_x_Landrace_x_Yorkshire,2.3,0.57,0.74,1.34,0.552238806,2.108108108
537,DLY0117,Duroc_x_Landrace_x_Yorkshire,2.29,0.48,0.95,1.1,0.863636364,1.410526316
31,DLY0118,Duroc_x_Landrace_x_Yorkshire,2.15,0.59,0.74,1.22,0.606557377,1.905405405
35,DLY0119,Duroc_x_Landrace_x_Yorkshire,2.21,0.18,0.71,1.37,0.518248175,2.112676056
39,DLY0120,Duroc_x_Landrace_x_Yorkshire,2.51,0.5,0.9,1.28,0.703125,1.788888889
43,DLY0121,Duroc_x_Landrace_x_Yorkshire,2.11,0.27,0.54,1.38,0.391304348,2.907407407
47,DLY0131,Duroc_x_Landrace_x_Yorkshire,2.15,0.73,0.7,1.65,0.424242424,2.071428571
51,DLY0132,Duroc_x_Landrace_x_Yorkshire,1.78,0.62,0.76,1.11,0.684684685,1.342105263
33,DLY0133,Duroc_x_Landrace_x_Yorkshire,2,0.58,0.71,1.53,0.464052288,1.816901408
37,DLY0134,Duroc_x_Landrace_x_Yorkshire,2.15,0.49,0.68,1.71,0.397660819,2.161764706
41,DLY0135,Duroc_x_Landrace_x_Yorkshire,2.13,0.62,0.66,1.64,0.402439024,2.227272727
45,DLY0136,Duroc_x_Landrace_x_Yorkshire,2.43,0.29,0.45,2.06,0.218446602,NA
49,DLY0137,Duroc_x_Landrace_x_Yorkshire,2.22,0.39,0.88,1.44,0.611111111,1.522727273
53,DLY0138,Duroc_x_Landrace_x_Yorkshire,2.32,0.63,0.76,1.6,0.475,2.052631579
32,DLY0139,Duroc_x_Landrace_x_Yorkshire,2.2,1.02,0.91,1.48,0.614864865,1.417582418
36,DLY0140,Duroc_x_Landrace_x_Yorkshire,2.22,0.46,0.79,1.56,0.506410256,1.810126582
40,DLY0141,Duroc_x_Landrace_x_Yorkshire,2.02,0.41,0.72,1.52,0.473684211,1.805555556
44,DLY0142,Duroc_x_Landrace_x_Yorkshire,2.04,0.6,0.69,1.66,0.415662651,1.956521739
48,DLY0143,Duroc_x_Landrace_x_Yorkshire,2.22,0.82,0.57,1.75,0.325714286,2.894736842
52,DLY0144,Duroc_x_Landrace_x_Yorkshire,1.73,0.54,0.54,1.41,0.382978723,2.203703704
34,DLY0145,Duroc_x_Landrace_x_Yorkshire,1.91,0.61,0.79,1.26,0.626984127,1.417721519
38,DLY0146,Duroc_x_Landrace_x_Yorkshire,2.31,0.6,0.86,1.6,0.5375,1.686046512
42,DLY0147,Duroc_x_Landrace_x_Yorkshire,1.83,0.47,0.62,1.4,0.442857143,1.951612903
603,DLY0148,Duroc_x_Landrace_x_Yorkshire,1.72,0.5,0.65,1.25,0.52,1.646153846
50,DLY0149,Duroc_x_Landrace_x_Yorkshire,1.96,0.39,1.07,1.31,0.816793893,0.831775701
54,DLY0150,Duroc_x_Landrace_x_Yorkshire,1.68,0.43,0.61,1.08,0.564814815,1.754098361
1,DLY0151,Duroc_x_Landrace_x_Yorkshire,1.96,0.7,0.59,1.37,0.430656934,2.322033898
2,DLY0152,Duroc_x_Landrace_x_Yorkshire,1.81,0.32,0.63,1.29,0.488372093,1.873015873
4,DLY0161,Duroc_x_Landrace_x_Yorkshire,1.6,0.14,0.84,0.83,1.012048193,0.904761905
30,DLY0162,Duroc_x_Landrace_x_Yorkshire,2.19,0.38,0.91,1.36,0.669117647,1.406593407
46,DLY0163,Duroc_x_Landrace_x_Yorkshire,2.06,0.43,0.8,1.42,0.563380282,1.575
55,DLY0164,Duroc_x_Landrace_x_Yorkshire,1.94,0.66,0.67,1.33,0.503759398,1.895522388
58,DLY0165,Duroc_x_Landrace_x_Yorkshire,1.89,0.31,0.71,1.22,0.581967213,1.661971831
62,DLY0166,Duroc_x_Landrace_x_Yorkshire,2.14,0.48,0.93,1.42,0.654929577,1.301075269
66,DLY0167,Duroc_x_Landrace_x_Yorkshire,1.71,0.22,0.58,1.01,0.574257426,1.948275862
70,DLY0168,Duroc_x_Landrace_x_Yorkshire,2.11,0.55,1.06,1.3,0.815384615,0.990566038
74,DLY0169,Duroc_x_Landrace_x_Yorkshire,1.91,0.33,1.13,1.14,0.99122807,0.690265487
57,DLY0170,Duroc_x_Landrace_x_Yorkshire,1.81,0.29,0.75,1.16,0.646551724,1.413333333
60,DLY0171,Duroc_x_Landrace_x_Yorkshire,2.35,0.84,1.22,1.59,0.767295597,0.926229508
64,DLY0172,Duroc_x_Landrace_x_Yorkshire,1.5,0.32,0.86,0.84,1.023809524,0.744186047
68,DLY0173,Duroc_x_Landrace_x_Yorkshire,1.78,0.28,1.07,1.1,0.972727273,0.663551402
72,DLY0174,Duroc_x_Landrace_x_Yorkshire,2.09,0.65,1.02,1.57,0.649681529,1.049019608
76,DLY0175,Duroc_x_Landrace_x_Yorkshire,2.38,0.51,1.04,1.44,0.722222222,1.288461538
533,DLY0176,Duroc_x_Landrace_x_Yorkshire,2.52,1.37,1.27,1.44,0.881944444,0.984251969
56,DLY0177,Duroc_x_Landrace_x_Yorkshire,2.03,0.78,0.91,1.31,0.694656489,1.230769231
59,DLY0178,Duroc_x_Landrace_x_Yorkshire,1.63,0.35,1.03,0.89,1.157303371,0.582524272
63,DLY0179,Duroc_x_Landrace_x_Yorkshire,2.44,0.76,1.11,1.46,0.760273973,1.198198198
67,DLY0180,Duroc_x_Landrace_x_Yorkshire,NA,NA,NA,NA,NA,NA
71,DLY0181,Duroc_x_Landrace_x_Yorkshire,1.91,0.42,1.05,0.93,1.129032258,0.819047619
75,DLY0182,Duroc_x_Landrace_x_Yorkshire,2.06,0.26,1.06,1.2,0.883333333,0.943396226
534,DLY0183,Duroc_x_Landrace_x_Yorkshire,1.96,0.33,0.84,1.25,0.672,1.333333333
61,DLY0184,Duroc_x_Landrace_x_Yorkshire,1.83,0.36,1.01,1.25,0.808,0.811881188
65,DLY0185,Duroc_x_Landrace_x_Yorkshire,2.14,0.37,1.19,1.05,1.133333333,0.798319328
69,DLY0186,Duroc_x_Landrace_x_Yorkshire,1.64,0.16,0.68,1.21,0.561983471,1.411764706
73,DLY0187,Duroc_x_Landrace_x_Yorkshire,1.73,0.35,0.83,0.96,0.864583333,1.084337349
77,DLY0188,Duroc_x_Landrace_x_Yorkshire,1.79,0.07,0.89,1.06,0.839622642,1.011235955
535,DLY0189,Duroc_x_Landrace_x_Yorkshire,2.22,0.2,1.03,1.27,0.811023622,1.155339806
606,DLY0190,Duroc_x_Landrace_x_Yorkshire,1.97,0.31,0.93,1.08,0.861111111,1.11827957
538,DLY0201,Duroc_x_Landrace_x_Yorkshire,NA,NA,NA,NA,NA,NA
539,DLY0202,Duroc_x_Landrace_x_Yorkshire,NA,NA,NA,NA,NA,NA
86,DLY0203,Duroc_x_Landrace_x_Yorkshire,NA,NA,NA,NA,NA,NA
504,DLY0204,Duroc_x_Landrace_x_Yorkshire,NA,NA,NA,NA,NA,NA
93,DLY0205,Duroc_x_Landrace_x_Yorkshire,NA,NA,NA,NA,NA,NA
97,DLY0206,Duroc_x_Landrace_x_Yorkshire,NA,NA,NA,NA,NA,NA
80,DLY0207,Duroc_x_Landrace_x_Yorkshire,NA,NA,NA,NA,NA,NA
84,DLY0208,Duroc_x_Landrace_x_Yorkshire,NA,NA,NA,NA,NA,NA
88,DLY0209,Duroc_x_Landrace_x_Yorkshire,NA,NA,NA,NA,NA,NA
91,DLY0210,Duroc_x_Landrace_x_Yorkshire,NA,NA,NA,NA,NA,NA
543,DLY0211,Duroc_x_Landrace_x_Yorkshire,NA,NA,NA,NA,NA,NA
99,DLY0212,Duroc_x_Landrace_x_Yorkshire,NA,NA,NA,NA,NA,NA
79,DLY0213,Duroc_x_Landrace_x_Yorkshire,NA,NA,NA,NA,NA,NA
83,DLY0214,Duroc_x_Landrace_x_Yorkshire,NA,NA,NA,NA,NA,NA
547,DLY0215,Duroc_x_Landrace_x_Yorkshire,NA,NA,NA,NA,NA,NA
87,DLY0216,Duroc_x_Landrace_x_Yorkshire,NA,NA,NA,NA,NA,NA
90,DLY0217,Duroc_x_Landrace_x_Yorkshire,NA,NA,NA,NA,NA,NA
94,DLY0218,Duroc_x_Landrace_x_Yorkshire,NA,NA,NA,NA,NA,NA
98,DLY0219,Duroc_x_Landrace_x_Yorkshire,NA,NA,NA,NA,NA,NA
551,DLY0220,Duroc_x_Landrace_x_Yorkshire,NA,NA,NA,NA,NA,NA
81,DLY0221,Duroc_x_Landrace_x_Yorkshire,NA,NA,NA,NA,NA,NA
555,DLY0222,Duroc_x_Landrace_x_Yorkshire,NA,NA,NA,NA,NA,NA
85,DLY0223,Duroc_x_Landrace_x_Yorkshire,NA,NA,NA,NA,NA,NA
89,DLY0224,Duroc_x_Landrace_x_Yorkshire,NA,NA,NA,NA,NA,NA
92,DLY0225,Duroc_x_Landrace_x_Yorkshire,NA,NA,NA,NA,NA,NA
96,DLY0226,Duroc_x_Landrace_x_Yorkshire,NA,NA,NA,NA,NA,NA
100,DLY0227,Duroc_x_Landrace_x_Yorkshire,NA,NA,NA,NA,NA,NA
101,DLY0228,Duroc_x_Landrace_x_Yorkshire,NA,NA,NA,NA,NA,NA
105,DLY0231,Duroc_x_Landrace_x_Yorkshire,1.71,0.18,0.58,1.05,0.552380952,1.948275862
109,DLY0232,Duroc_x_Landrace_x_Yorkshire,2.48,0.38,0.73,1.52,0.480263158,2.397260274
609,DLY0233,Duroc_x_Landrace_x_Yorkshire,2.11,0.55,0.58,1.19,0.487394958,2.637931034
541,DLY0234,Duroc_x_Landrace_x_Yorkshire,2.11,0.23,0.67,1.27,0.527559055,2.149253731
545,DLY0235,Duroc_x_Landrace_x_Yorkshire,1.93,0.16,0.48,1.34,0.358208955,3.020833333
113,DLY0236,Duroc_x_Landrace_x_Yorkshire,2.58,0.47,0.75,1.63,0.460122699,2.44
117,DLY0237,Duroc_x_Landrace_x_Yorkshire,2.32,0.58,0.74,1.39,0.532374101,2.135135135
120,DLY0238,Duroc_x_Landrace_x_Yorkshire,1.84,0.31,0.62,1.1,0.563636364,1.967741935
103,DLY0239,Duroc_x_Landrace_x_Yorkshire,2.19,0.16,0.81,1.31,0.618320611,1.703703704
107,DLY0240,Duroc_x_Landrace_x_Yorkshire,2.18,0.45,0.79,1.24,0.637096774,1.759493671
111,DLY0241,Duroc_x_Landrace_x_Yorkshire,1.91,0.2,0.49,1.37,0.357664234,2.897959184
115,DLY0242,Duroc_x_Landrace_x_Yorkshire,1.56,0.29,0.55,0.95,0.578947368,1.836363636
118,DLY0243,Duroc_x_Landrace_x_Yorkshire,1.89,0.54,0.72,0.99,0.727272727,1.625
122,DLY0244,Duroc_x_Landrace_x_Yorkshire,2.37,0.7,0.62,1.47,0.421768707,2.822580645
102,DLY0245,Duroc_x_Landrace_x_Yorkshire,2.42,0.66,0.72,1.47,0.489795918,2.361111111
106,DLY0246,Duroc_x_Landrace_x_Yorkshire,2.4,1,1.02,1.44,0.708333333,1.352941176
110,DLY0247,Duroc_x_Landrace_x_Yorkshire,2.23,0.42,0.75,1.32,0.568181818,1.973333333
114,DLY0248,Duroc_x_Landrace_x_Yorkshire,2.13,0.47,0.56,1.48,0.378378378,2.803571429
529,DLY0249,Duroc_x_Landrace_x_Yorkshire,1.99,0.46,0.5,1.26,0.396825397,2.98
121,DLY0250,Duroc_x_Landrace_x_Yorkshire,2.11,0.39,0.87,1.27,0.68503937,1.425287356
549,DLY0251,Duroc_x_Landrace_x_Yorkshire,2.12,0.29,0.59,1.23,0.479674797,2.593220339
104,DLY0252,Duroc_x_Landrace_x_Yorkshire,2.07,0.32,0.61,1.34,0.455223881,2.393442623
108,DLY0253,Duroc_x_Landrace_x_Yorkshire,1.95,0.32,0.45,1.38,0.326086957,3.333333333
112,DLY0254,Duroc_x_Landrace_x_Yorkshire,1.89,0.32,NA,1.45,NA,NA
116,DLY0255,Duroc_x_Landrace_x_Yorkshire,2.06,0.57,0.71,1.18,0.601694915,1.901408451
553,DLY0261,Duroc_x_Landrace_x_Yorkshire,2.43,0.5,0.83,1.36,0.610294118,1.927710843
119,DLY0262,Duroc_x_Landrace_x_Yorkshire,2.02,0.21,0.71,1.09,0.651376147,1.845070423
557,DLY0263,Duroc_x_Landrace_x_Yorkshire,2.58,0.23,0.63,1.81,0.348066298,3.095238095
123,DLY0264,Duroc_x_Landrace_x_Yorkshire,2.23,0.31,0.79,1.19,0.663865546,1.82278481
124,DLY0265,Duroc_x_Landrace_x_Yorkshire,1.77,0.13,0.58,1.07,0.542056075,2.051724138
128,DLY0266,Duroc_x_Landrace_x_Yorkshire,2.79,0.58,1.01,1.42,0.711267606,1.762376238
132,DLY0267,Duroc_x_Landrace_x_Yorkshire,2.12,0.17,0.8,1.19,0.672268908,1.65
136,DLY0268,Duroc_x_Landrace_x_Yorkshire,1.95,0.22,0.54,1.2,0.45,2.611111111
140,DLY0269,Duroc_x_Landrace_x_Yorkshire,2.01,0.07,0.71,1.23,0.577235772,1.830985915
144,DLY0270,Duroc_x_Landrace_x_Yorkshire,1.62,0.1,0.52,0.87,0.597701149,2.115384615
561,DLY0271,Duroc_x_Landrace_x_Yorkshire,2.16,0.25,0.78,1.16,0.672413793,1.769230769
126,DLY0272,Duroc_x_Landrace_x_Yorkshire,1.98,0.15,0.71,0.93,0.76344086,1.788732394
130,DLY0273,Duroc_x_Landrace_x_Yorkshire,2.25,0.35,0.73,1.32,0.553030303,2.082191781
134,DLY0274,Duroc_x_Landrace_x_Yorkshire,2.03,0.27,0.74,1.12,0.660714286,1.743243243
138,DLY0275,Duroc_x_Landrace_x_Yorkshire,2.08,0.17,0.67,1.06,0.632075472,2.104477612
540,DLY0276,Duroc_x_Landrace_x_Yorkshire,2.06,0.56,0.92,0.96,0.958333333,1.239130435
146,DLY0277,Duroc_x_Landrace_x_Yorkshire,1.86,0.2,0.88,1.04,0.846153846,1.113636364
544,DLY0278,Duroc_x_Landrace_x_Yorkshire,1.49,0.12,0.74,0.91,0.813186813,1.013513514
129,DLY0279,Duroc_x_Landrace_x_Yorkshire,2.57,0.5,1.31,1.3,1.007692308,0.961832061
133,DLY0280,Duroc_x_Landrace_x_Yorkshire,2.35,0.2,0.91,1.57,0.579617834,1.582417582
137,DLY0281,Duroc_x_Landrace_x_Yorkshire,1.95,0.43,0.81,1.12,0.723214286,1.407407407
141,DLY0282,Duroc_x_Landrace_x_Yorkshire,2.15,0.28,0.83,1.39,0.597122302,1.590361446
145,DLY0283,Duroc_x_Landrace_x_Yorkshire,2.43,0.3,1.15,1.45,0.793103448,1.113043478
127,DLY0284,Duroc_x_Landrace_x_Yorkshire,2.2,0.14,0.88,1.37,0.642335766,1.5
548,DLY0285,Duroc_x_Landrace_x_Yorkshire,2.19,0.17,0.95,1.2,0.791666667,1.305263158
131,DLY0286,Duroc_x_Landrace_x_Yorkshire,2.13,0.47,0.97,1.02,0.950980392,1.195876289
552,DLY0291,Duroc_x_Landrace_x_Yorkshire,2.18,0.25,1.06,1.29,0.821705426,1.056603774
135,DLY0292,Duroc_x_Landrace_x_Yorkshire,1.91,0.18,0.87,1.28,0.6796875,1.195402299
556,DLY0293,Duroc_x_Landrace_x_Yorkshire,2.09,0.27,0.82,1.27,0.645669291,1.548780488
139,DLY0294,Duroc_x_Landrace_x_Yorkshire,2.4,0.22,0.85,1.66,0.512048193,1.823529412
560,DLY0295,Duroc_x_Landrace_x_Yorkshire,2.25,0.34,0.97,1.42,0.683098592,1.319587629
143,DLY0296,Duroc_x_Landrace_x_Yorkshire,2.02,0.12,0.92,1.29,0.713178295,1.195652174
542,DLY0297,Duroc_x_Landrace_x_Yorkshire,1.95,0.18,0.91,1.14,0.798245614,1.142857143
546,DLY0298,Duroc_x_Landrace_x_Yorkshire,2.73,0.19,1.21,1.71,0.707602339,1.256198347
550,DLY0299,Duroc_x_Landrace_x_Yorkshire,2.23,0.37,0.91,1.4,0.65,1.450549451
554,DLY0300,Duroc_x_Landrace_x_Yorkshire,1.97,0.37,1.01,1.07,0.943925234,0.95049505
558,DLY0301,Duroc_x_Landrace_x_Yorkshire,2.08,0.23,0.92,1.38,0.666666667,1.260869565
147,DLY0302,Duroc_x_Landrace_x_Yorkshire,2.09,0.14,0.93,1.17,0.794871795,1.247311828
562,DLY0303,Duroc_x_Landrace_x_Yorkshire,2.19,0.58,1.15,1.28,0.8984375,0.904347826
596,DLY0304,Duroc_x_Landrace_x_Yorkshire,2.26,0.21,0.97,1.35,0.718518519,1.329896907
78,DLY0305,Duroc_x_Landrace_x_Yorkshire,2.46,0.27,1.07,1.51,0.708609272,1.299065421
530,DLY0306,Duroc_x_Landrace_x_Yorkshire,2.35,0.19,1.04,1.42,0.732394366,1.259615385
82,DLY0307,Duroc_x_Landrace_x_Yorkshire,2.13,0.15,0.95,1.4,0.678571429,1.242105263
95,DLY0308,Duroc_x_Landrace_x_Yorkshire,2.38,0.45,1.02,1.44,0.708333333,1.333333333
142,DLY0309,Duroc_x_Landrace_x_Yorkshire,2.26,0.37,1.03,1.41,0.730496454,1.194174757
125,DLY0310,Duroc_x_Landrace_x_Yorkshire,2.11,0.26,1.01,1.16,0.870689655,1.089108911
148,DLY0311,Duroc_x_Landrace_x_Yorkshire,2.35,0.2,0.95,1.57,0.605095541,1.473684211
152,DLY0312,Duroc_x_Landrace_x_Yorkshire,2.17,0.28,0.94,1.39,0.676258993,1.308510638
156,DLY0313,Duroc_x_Landrace_x_Yorkshire,1.92,0.43,0.87,1.18,0.737288136,1.206896552
160,DLY0314,Duroc_x_Landrace_x_Yorkshire,1.57,0.21,0.73,0.92,0.793478261,1.150684932
164,DLY0321,Duroc_x_Landrace_x_Yorkshire,2.31,1.07,1.08,1.39,0.776978417,1.138888889
168,DLY0322,Duroc_x_Landrace_x_Yorkshire,2.1,0.65,0.88,1.35,0.651851852,1.386363636
150,DLY0323,Duroc_x_Landrace_x_Yorkshire,1.99,0.43,0.98,1.11,0.882882883,1.030612245
154,DLY0324,Duroc_x_Landrace_x_Yorkshire,2.53,0.53,0.9,1.93,0.466321244,1.811111111
158,DLY0325,Duroc_x_Landrace_x_Yorkshire,1.92,0.37,1.01,1.18,0.855932203,0.900990099
162,DLY0326,Duroc_x_Landrace_x_Yorkshire,2.18,0.43,0.99,1.53,0.647058824,1.202020202
166,DLY0327,Duroc_x_Landrace_x_Yorkshire,2.61,0.22,1.06,1.95,0.543589744,1.462264151
170,DLY0328,Duroc_x_Landrace_x_Yorkshire,1.52,0.17,0.6,1.15,0.52173913,1.533333333
149,DLY0329,Duroc_x_Landrace_x_Yorkshire,2.13,0.42,0.6,1.67,0.359281437,2.55
153,DLY0330,Duroc_x_Landrace_x_Yorkshire,2.38,0.31,1.18,1.66,0.710843373,1.016949153
157,DLY0331,Duroc_x_Landrace_x_Yorkshire,2.41,0.37,0.97,1.63,0.595092025,1.484536082
161,DLY0332,Duroc_x_Landrace_x_Yorkshire,2,0.29,1.01,1.22,0.827868852,0.98019802
165,DLY0333,Duroc_x_Landrace_x_Yorkshire,2.19,0.32,1.1,1.53,0.718954248,0.990909091
169,DLY0334,Duroc_x_Landrace_x_Yorkshire,1.97,0.2,0.84,1.43,0.587412587,1.345238095
151,DLY0335,Duroc_x_Landrace_x_Yorkshire,2.53,0.33,1,1.82,0.549450549,1.53
155,DLY0336,Duroc_x_Landrace_x_Yorkshire,2.02,0.24,0.99,1.25,0.792,1.04040404
159,DLY0337,Duroc_x_Landrace_x_Yorkshire,2.58,0.44,1.2,1.52,0.789473684,1.15
163,DLY0338,Duroc_x_Landrace_x_Yorkshire,1.93,0.3,0.88,1.23,0.715447154,1.193181818
167,DLY0339,Duroc_x_Landrace_x_Yorkshire,2.34,0.54,0.91,1.66,0.548192771,1.571428571
171,DLY0340,Duroc_x_Landrace_x_Yorkshire,1.99,0.63,0.71,1.43,0.496503497,1.802816901
172,DLY0341,Duroc_x_Landrace_x_Yorkshire,2.19,0.53,1.16,1.38,0.84057971,0.887931034
176,DLY0342,Duroc_x_Landrace_x_Yorkshire,2.74,0.24,0.95,2.1,0.452380952,1.884210526
180,DLY0343,Duroc_x_Landrace_x_Yorkshire,1.72,0.23,0.86,1.2,0.716666667,1
598,DLY0344,Duroc_x_Landrace_x_Yorkshire,1.87,0.3,0.93,1.12,0.830357143,1.010752688
187,DLY0345,Duroc_x_Landrace_x_Yorkshire,2.29,0.31,1.07,1.48,0.722972973,1.140186916
191,DLY0346,Duroc_x_Landrace_x_Yorkshire,2.25,0.27,0.93,1.34,0.694029851,1.419354839
174,DLY0347,Duroc_x_Landrace_x_Yorkshire,1.91,0.4,0.86,1.16,0.74137931,1.220930233
178,DLY0348,Duroc_x_Landrace_x_Yorkshire,2.12,0.36,0.9,1.6,0.5625,1.355555556
182,DLY0349,Duroc_x_Landrace_x_Yorkshire,2.3,0.35,0.91,1.59,0.572327044,1.527472527
185,DLY0351,Duroc_x_Landrace_x_Yorkshire,2.07,0.2,0.9,1.25,0.72,1.3
189,DLY0352,Duroc_x_Landrace_x_Yorkshire,2.14,0.61,0.95,1.26,0.753968254,1.252631579
193,DLY0353,Duroc_x_Landrace_x_Yorkshire,2.28,0.79,1,1.52,0.657894737,1.28
173,DLY0354,Duroc_x_Landrace_x_Yorkshire,2.09,0.51,0.89,1.2,0.741666667,1.348314607
177,DLY0355,Duroc_x_Landrace_x_Yorkshire,2.07,0.39,1,1.09,0.917431193,1.07
181,DLY0356,Duroc_x_Landrace_x_Yorkshire,2.05,0.32,0.87,1.21,0.719008264,1.356321839
184,DLY0357,Duroc_x_Landrace_x_Yorkshire,2.17,0.29,0.93,1.36,0.683823529,1.333333333
188,DLY0358,Duroc_x_Landrace_x_Yorkshire,2.03,0.58,0.84,1.18,0.711864407,1.416666667
192,DLY0359,Duroc_x_Landrace_x_Yorkshire,2.23,0.67,0.94,1.3,0.723076923,1.372340426
175,DLY0360,Duroc_x_Landrace_x_Yorkshire,2.13,0.34,0.97,1.26,0.76984127,1.195876289
179,DLY0361,Duroc_x_Landrace_x_Yorkshire,2.73,0.72,0.99,1.72,0.575581395,1.757575758
183,DLY0362,Duroc_x_Landrace_x_Yorkshire,2.28,0.22,0.81,1.54,0.525974026,1.814814815
186,DLY0363,Duroc_x_Landrace_x_Yorkshire,2.17,0.25,0.76,1.41,0.539007092,1.855263158
190,DLY0364,Duroc_x_Landrace_x_Yorkshire,2.1,0.48,0.88,1.25,0.704,1.386363636
194,DLY0365,Duroc_x_Landrace_x_Yorkshire,1.98,0.28,0.71,1.33,0.533834586,1.788732394
195,DLY0366,Duroc_x_Landrace_x_Yorkshire,2.28,0.25,1,1.35,0.740740741,1.28
199,DLY0367,Duroc_x_Landrace_x_Yorkshire,2.57,0.21,0.96,1.92,0.5,1.677083333
203,DLY0368,Duroc_x_Landrace_x_Yorkshire,2.2,0.22,0.84,1.5,0.56,1.619047619
207,DLY0369,Duroc_x_Landrace_x_Yorkshire,2.18,0.19,0.97,1.33,0.729323308,1.24742268
211,DLY0370,Duroc_x_Landrace_x_Yorkshire,2.14,0.29,0.94,1.33,0.706766917,1.276595745
215,DLY0371,Duroc_x_Landrace_x_Yorkshire,1.87,0.35,0.97,0.78,1.243589744,0.927835052
197,DLY0372,Duroc_x_Landrace_x_Yorkshire,2.33,0.16,0.87,1.7,0.511764706,1.67816092
600,DLY0373,Duroc_x_Landrace_x_Yorkshire,2.01,0.27,0.87,1.18,0.737288136,1.310344828
205,DLY0374,Duroc_x_Landrace_x_Yorkshire,2.21,0.62,1.02,1.21,0.842975207,1.166666667
209,DLY0375,Duroc_x_Landrace_x_Yorkshire,1.53,0.42,0.66,0.86,0.76744186,1.318181818
213,DLY0376,Duroc_x_Landrace_x_Yorkshire,2.01,0.19,1.19,1.05,1.133333333,0.68907563
217,DLY0377,Duroc_x_Landrace_x_Yorkshire,2.4,0.15,1.36,1.6,0.85,0.764705882
602,DLY0381,Duroc_x_Landrace_x_Yorkshire,2.31,0.59,0.53,1.6,0.33125,3.358490566
196,DLY0382,Duroc_x_Landrace_x_Yorkshire,2.23,0.79,0.63,1.38,0.456521739,2.53968254
200,DLY0383,Duroc_x_Landrace_x_Yorkshire,2.9,0.58,0.75,1.4,0.535714286,2.866666667
204,DLY0384,Duroc_x_Landrace_x_Yorkshire,2.57,0.21,0.84,1.61,0.52173913,2.05952381
208,DLY0385,Duroc_x_Landrace_x_Yorkshire,2.85,0.42,0.98,2.01,0.487562189,1.908163265
212,DLY0386,Duroc_x_Landrace_x_Yorkshire,2.45,0.31,0.7,1.55,0.451612903,2.5
216,DLY0387,Duroc_x_Landrace_x_Yorkshire,2.18,0.73,0.82,1.13,0.725663717,1.658536585
198,DLY0388,Duroc_x_Landrace_x_Yorkshire,2.08,0.47,0.64,1.27,0.503937008,2.25
202,DLY0389,Duroc_x_Landrace_x_Yorkshire,2.4,0.55,0.78,1.62,0.481481481,2.076923077
206,DLY0390,Duroc_x_Landrace_x_Yorkshire,2.27,0.53,0.74,1.59,0.465408805,2.067567568
210,DLY0391,Duroc_x_Landrace_x_Yorkshire,2.24,0.79,0.88,1.08,0.814814815,1.545454545
214,DLY0392,Duroc_x_Landrace_x_Yorkshire,2.37,0.44,0.98,1.31,0.748091603,1.418367347
218,DLY0393,Duroc_x_Landrace_x_Yorkshire,2.38,0.51,0.69,1.53,0.450980392,2.449275362
219,DLY0394,Duroc_x_Landrace_x_Yorkshire,2.74,0.43,0.84,1.77,0.474576271,2.261904762
223,DLY0395,Duroc_x_Landrace_x_Yorkshire,2.62,0.34,1.01,1.47,0.68707483,1.594059406
227,DLY0396,Duroc_x_Landrace_x_Yorkshire,2.43,0.16,0.74,1.61,0.459627329,2.283783784
231,DLY0397,Duroc_x_Landrace_x_Yorkshire,2.98,0.38,1.03,1.85,0.556756757,1.893203883
235,DLY0398,Duroc_x_Landrace_x_Yorkshire,2.31,0.39,0.59,1.53,0.385620915,2.915254237
239,DLY0399,Duroc_x_Landrace_x_Yorkshire,3.08,0.6,1.07,1.82,0.587912088,1.878504673
221,DLY0400,Duroc_x_Landrace_x_Yorkshire,2.42,0.68,0.6,1.58,0.379746835,3.033333333
225,DLY0401,Duroc_x_Landrace_x_Yorkshire,2.45,0.36,0.86,1.58,0.544303797,1.848837209
229,DLY0402,Duroc_x_Landrace_x_Yorkshire,2.13,0.5,0.68,1.28,0.53125,2.132352941
233,DLY0403,Duroc_x_Landrace_x_Yorkshire,2.72,0.54,0.72,1.41,0.510638298,2.777777778
237,DLY0404,Duroc_x_Landrace_x_Yorkshire,2.33,0.76,0.7,1.41,0.496453901,2.328571429
241,DLY0405,Duroc_x_Landrace_x_Yorkshire,2.42,0.64,0.81,1.42,0.570422535,1.987654321
220,DLY0406,Duroc_x_Landrace_x_Yorkshire,2.26,0.51,0.57,1.54,0.37012987,2.964912281
224,DLY0407,Duroc_x_Landrace_x_Yorkshire,2.53,0.52,1.04,1.29,0.80620155,1.432692308
228,DLY0408,Duroc_x_Landrace_x_Yorkshire,2.72,0.35,0.83,1.76,0.471590909,2.277108434
232,DLY0409,Duroc_x_Landrace_x_Yorkshire,2.41,0.38,0.92,1.47,0.62585034,1.619565217
236,DLY0410,Duroc_x_Landrace_x_Yorkshire,2.7,0.54,1.09,1.38,0.789855072,1.47706422
240,DLY0411,Duroc_x_Landrace_x_Yorkshire,1.69,0.22,0.74,0.86,0.860465116,1.283783784
222,DLY0412,Duroc_x_Landrace_x_Yorkshire,2.1,0.86,0.54,1.26,0.428571429,2.888888889
226,DLY0413,Duroc_x_Landrace_x_Yorkshire,2.4,0.26,0.69,1.57,0.439490446,2.47826087
531,DLY0421,Duroc_x_Landrace_x_Yorkshire,2.24,0.32,0.81,1.14,0.710526316,1.765432099
532,DLY0422,Duroc_x_Landrace_x_Yorkshire,1.94,0.29,0.85,1.04,0.817307692,1.282352941
536,DLY0424,Duroc_x_Landrace_x_Yorkshire,1.76,0.16,0.62,0.99,0.626262626,1.838709677
559,DLY0425,Duroc_x_Landrace_x_Yorkshire,1.73,0.2,0.54,1.06,0.509433962,2.203703704
201,DLY0426,Duroc_x_Landrace_x_Yorkshire,1.89,0.21,0.73,1.01,0.722772277,1.589041096
230,DLY0427,Duroc_x_Landrace_x_Yorkshire,2.65,0.37,0.93,1.68,0.553571429,1.849462366
234,DLY0428,Duroc_x_Landrace_x_Yorkshire,2.24,0.25,0.83,1.33,0.62406015,1.698795181
563,DLY0429,Duroc_x_Landrace_x_Yorkshire,1.96,0.21,0.75,1.17,0.641025641,1.613333333
238,DLY0430,Duroc_x_Landrace_x_Yorkshire,1.82,0.3,0.58,0.94,0.617021277,2.137931034
242,DLY0431,Duroc_x_Landrace_x_Yorkshire,1.82,0.11,0.46,1.3,0.353846154,2.956521739
567,DLY0433,Duroc_x_Landrace_x_Yorkshire,2.5,0.46,1.07,1.41,0.758865248,1.336448598
571,DLY0434,Duroc_x_Landrace_x_Yorkshire,2.06,0.31,0.97,1.13,0.85840708,1.12371134
575,DLY0435,Duroc_x_Landrace_x_Yorkshire,2.08,0.24,0.87,1.42,0.612676056,1.390804598
579,DLY0437,Duroc_x_Landrace_x_Yorkshire,2.06,0.34,1.09,1.03,1.058252427,0.889908257
583,DLY0438,Duroc_x_Landrace_x_Yorkshire,2.48,0.39,1.15,1.32,0.871212121,1.156521739
565,DLY0441,Duroc_x_Landrace_x_Yorkshire,2.33,0.26,0.89,1.45,0.613793103,1.617977528
569,DLY0442,Duroc_x_Landrace_x_Yorkshire,1.78,0.14,0.9,0.85,1.058823529,0.977777778
573,DLY0443,Duroc_x_Landrace_x_Yorkshire,1.97,0.16,0.85,1.2,0.708333333,1.317647059
577,DLY0444,Duroc_x_Landrace_x_Yorkshire,2.19,0.41,1.15,1.35,0.851851852,0.904347826
581,DLY0445,Duroc_x_Landrace_x_Yorkshire,1.91,0.26,0.95,1.09,0.871559633,1.010526316
585,DLY0446,Duroc_x_Landrace_x_Yorkshire,2.46,0.33,1.01,1.45,0.696551724,1.435643564
586,DLY0447,Duroc_x_Landrace_x_Yorkshire,2.15,0.35,0.93,1.17,0.794871795,1.311827957
566,DLY0448,Duroc_x_Landrace_x_Yorkshire,2.33,0.29,1.09,1.37,0.795620438,1.137614679
570,DLY0449,Duroc_x_Landrace_x_Yorkshire,2.44,0.31,1.26,1.24,1.016129032,0.936507937
574,DLY0450,Duroc_x_Landrace_x_Yorkshire,2.01,0.47,0.89,1.15,0.773913043,1.258426966
578,DLY0452,Duroc_x_Landrace_x_Yorkshire,2.18,0.25,1.05,1.25,0.84,1.076190476
582,DLY0453,Duroc_x_Landrace_x_Yorkshire,2.04,0.18,0.86,1.2,0.716666667,1.372093023
564,DLY0454,Duroc_x_Landrace_x_Yorkshire,2.01,0.34,0.92,1.11,0.828828829,1.184782609
605,DLY0455,Duroc_x_Landrace_x_Yorkshire,2.54,0.24,1.15,1.39,0.827338129,1.208695652
568,DLY0461,Duroc_x_Landrace_x_Yorkshire,1.83,0.21,0.6,1.07,0.560747664,2.05
608,DLY0462,Duroc_x_Landrace_x_Yorkshire,2.35,0.35,1.09,1.17,0.931623932,1.155963303
243,DLY0463,Duroc_x_Landrace_x_Yorkshire,1.76,0.1,0.63,0.94,0.670212766,1.793650794
247,DLY0464,Duroc_x_Landrace_x_Yorkshire,2.05,0.37,0.62,1.14,0.543859649,2.306451613
251,DLY0465,Duroc_x_Landrace_x_Yorkshire,2.48,0.13,0.64,1.66,0.385542169,2.875
255,DLY0466,Duroc_x_Landrace_x_Yorkshire,1.55,0.26,0.43,0.93,0.462365591,2.604651163
259,DLY0467,Duroc_x_Landrace_x_Yorkshire,1.97,0.35,0.71,1.1,0.645454545,1.774647887
263,DLY0468,Duroc_x_Landrace_x_Yorkshire,2.48,0.28,0.77,1.44,0.534722222,2.220779221
245,DLY0469,Duroc_x_Landrace_x_Yorkshire,2.47,0.46,0.82,1.17,0.700854701,2.012195122
249,DLY0470,Duroc_x_Landrace_x_Yorkshire,2.52,0.33,0.93,1.34,0.694029851,1.709677419
253,DLY0471,Duroc_x_Landrace_x_Yorkshire,2.62,0.34,0.59,1.63,0.36196319,3.440677966
257,DLY0472,Duroc_x_Landrace_x_Yorkshire,1.98,0.26,0.57,1.21,0.47107438,2.473684211
261,DLY0473,Duroc_x_Landrace_x_Yorkshire,2.09,0.39,0.69,1.17,0.58974359,2.028985507
265,DLY0474,Duroc_x_Landrace_x_Yorkshire,2.08,0.52,0.76,1.06,0.716981132,1.736842105
244,DLY0475,Duroc_x_Landrace_x_Yorkshire,2.37,0.24,0.68,1.01,0.673267327,2.485294118
248,DLY0476,Duroc_x_Landrace_x_Yorkshire,1.92,0.23,0.61,1.11,0.54954955,2.147540984
252,DLY0477,Duroc_x_Landrace_x_Yorkshire,2.72,0.32,0.9,1.44,0.625,2.022222222
256,DLY0478,Duroc_x_Landrace_x_Yorkshire,2.32,0.47,0.87,1.17,0.743589744,1.666666667
260,DLY0479,Duroc_x_Landrace_x_Yorkshire,2.31,0.14,0.61,1.58,0.386075949,2.786885246
264,DLY0480,Duroc_x_Landrace_x_Yorkshire,2.35,0.19,0.84,1.25,0.672,1.797619048
246,DLY0481,Duroc_x_Landrace_x_Yorkshire,2.33,0.51,0.85,1.1,0.772727273,1.741176471
250,DLY0482,Duroc_x_Landrace_x_Yorkshire,2.65,0.37,0.77,1.57,0.49044586,2.441558442
254,DLY0483,Duroc_x_Landrace_x_Yorkshire,2.42,0.26,0.69,1.49,0.463087248,2.507246377
258,DLY0484,Duroc_x_Landrace_x_Yorkshire,2.11,0.48,0.73,1.22,0.598360656,1.890410959
262,DLY0485,Duroc_x_Landrace_x_Yorkshire,1.77,0.36,0.61,0.93,0.655913978,1.901639344
266,DLY0486,Duroc_x_Landrace_x_Yorkshire,1.75,0.14,0.62,0.93,0.666666667,1.822580645
267,DLY0487,Duroc_x_Landrace_x_Yorkshire,2.47,0.33,0.79,1.37,0.576642336,2.126582278
271,DLY0488,Duroc_x_Landrace_x_Yorkshire,2.28,0.16,0.61,1.42,0.429577465,2.737704918
275,DLY0489,Duroc_x_Landrace_x_Yorkshire,2.08,0.21,0.77,1.12,0.6875,1.701298701
279,DLY0490,Duroc_x_Landrace_x_Yorkshire,2.09,0.31,0.67,1.19,0.56302521,2.119402985
283,DLY0491,Duroc_x_Landrace_x_Yorkshire,1.99,0.39,0.72,0.82,0.87804878,1.763888889
287,DLY0492,Duroc_x_Landrace_x_Yorkshire,3.14,0.27,0.82,2.02,0.405940594,2.829268293
269,DLY0493,Duroc_x_Landrace_x_Yorkshire,2.05,0.3,0.58,1.2,0.483333333,2.534482759
273,DLY0494,Duroc_x_Landrace_x_Yorkshire,2.43,0.34,0.92,1.22,0.754098361,1.641304348
277,DLY0495,Duroc_x_Landrace_x_Yorkshire,2.12,0.29,0.67,1.23,0.544715447,2.164179104
281,DLY0496,Duroc_x_Landrace_x_Yorkshire,2.79,0.29,0.77,1.78,0.43258427,2.623376623
285,DLY0497,Duroc_x_Landrace_x_Yorkshire,2.57,0.43,1,1.3,0.769230769,1.57
289,DLY0498,Duroc_x_Landrace_x_Yorkshire,2.19,0.57,0.64,1.25,0.512,2.421875
268,DLY0499,Duroc_x_Landrace_x_Yorkshire,2.27,0.26,0.55,1.44,0.381944444,3.127272727
272,DLY0500,Duroc_x_Landrace_x_Yorkshire,2.3,0.34,0.56,1.55,0.361290323,3.107142857
276,DLY0501,Duroc_x_Landrace_x_Yorkshire,2.13,0.29,0.8,1.05,0.761904762,1.6625
280,DLY0502,Duroc_x_Landrace_x_Yorkshire,2.15,0.35,0.98,1.16,0.844827586,1.193877551
284,DLY0503,Duroc_x_Landrace_x_Yorkshire,2.09,0.31,0.76,1.33,0.571428571,1.75
288,DLY0504,Duroc_x_Landrace_x_Yorkshire,2.87,1.01,1.49,1.74,0.856321839,0.926174497
270,DLY0505,Duroc_x_Landrace_x_Yorkshire,2.21,0.48,1.14,1.05,1.085714286,0.938596491
274,DLY0506,Duroc_x_Landrace_x_Yorkshire,1.96,0.33,0.85,1.19,0.714285714,1.305882353
278,DLY0507,Duroc_x_Landrace_x_Yorkshire,2.18,0.73,0.99,1.18,0.838983051,1.202020202
282,DLY0508,Duroc_x_Landrace_x_Yorkshire,2.08,0.37,0.99,1.22,0.81147541,1.101010101
286,DLY0509,Duroc_x_Landrace_x_Yorkshire,2.09,0.45,1.09,1.19,0.915966387,0.917431193
290,DLY0510,Duroc_x_Landrace_x_Yorkshire,1.6,0.36,0.75,0.83,0.903614458,1.133333333
291,DLY0521,Duroc_x_Landrace_x_Yorkshire,2.18,0.36,1,1.25,0.8,1.18
295,DLY0522,Duroc_x_Landrace_x_Yorkshire,2.12,0.33,0.99,1.08,0.916666667,1.141414141
299,DLY0523,Duroc_x_Landrace_x_Yorkshire,1.96,0.29,1.05,1.09,0.963302752,0.866666667
303,DLY0524,Duroc_x_Landrace_x_Yorkshire,2.33,0.44,0.92,1.34,0.686567164,1.532608696
307,DLY0525,Duroc_x_Landrace_x_Yorkshire,2.21,0.28,1.09,1.09,1,1.027522936
311,DLY0526,Duroc_x_Landrace_x_Yorkshire,2.4,0.37,0.91,1.48,0.614864865,1.637362637
293,DLY0527,Duroc_x_Landrace_x_Yorkshire,2.49,0.44,1.09,1.35,0.807407407,1.28440367
297,DLY0528,Duroc_x_Landrace_x_Yorkshire,2.33,0.37,0.81,1.41,0.574468085,1.87654321
301,DLY0529,Duroc_x_Landrace_x_Yorkshire,2.38,0.67,1.24,1.11,1.117117117,0.919354839
305,DLY0530,Duroc_x_Landrace_x_Yorkshire,2.36,0.25,1.21,1.09,1.110091743,0.950413223
309,DLY0531,Duroc_x_Landrace_x_Yorkshire,1.97,0.29,0.97,1.24,0.782258065,1.030927835
313,DLY0532,Duroc_x_Landrace_x_Yorkshire,2.31,0.46,1.09,1.28,0.8515625,1.119266055
292,DLY0533,Duroc_x_Landrace_x_Yorkshire,2.25,0.42,0.92,1.19,0.773109244,1.445652174
296,DLY0534,Duroc_x_Landrace_x_Yorkshire,2.2,0.3,1.02,1.26,0.80952381,1.156862745
300,DLY0535,Duroc_x_Landrace_x_Yorkshire,1.96,0.29,0.75,1.17,0.641025641,1.613333333
304,DLY0536,Duroc_x_Landrace_x_Yorkshire,2.65,0.15,1.15,1.58,0.727848101,1.304347826
308,DLY0537,Duroc_x_Landrace_x_Yorkshire,3.28,0.34,1.54,1.88,0.819148936,1.12987013
312,DLY0538,Duroc_x_Landrace_x_Yorkshire,2.1,0.25,1.16,1.14,1.01754386,0.810344828
294,DLY0539,Duroc_x_Landrace_x_Yorkshire,1.89,0.28,0.86,1.1,0.781818182,1.197674419
298,DLY0540,Duroc_x_Landrace_x_Yorkshire,2.12,0.45,1.04,1.12,0.928571429,1.038461538
302,DLY0541,Duroc_x_Landrace_x_Yorkshire,2.86,0.43,1.27,1.58,0.803797468,1.251968504
306,DLY0542,Duroc_x_Landrace_x_Yorkshire,2.34,0.22,1.04,1.21,0.859504132,1.25
310,DLY0543,Duroc_x_Landrace_x_Yorkshire,3.11,0.26,1.28,1.8,0.711111111,1.4296875
314,DLY0544,Duroc_x_Landrace_x_Yorkshire,2.56,0.54,1.25,1.3,0.961538462,1.048
315,DLY0545,Duroc_x_Landrace_x_Yorkshire,2.25,0.31,0.94,1.17,0.803418803,1.393617021
319,DLY0546,Duroc_x_Landrace_x_Yorkshire,2.66,0.74,1.43,1.23,1.162601626,0.86013986
323,DLY0547,Duroc_x_Landrace_x_Yorkshire,2.61,0.29,1.22,1.46,0.835616438,1.139344262
327,DLY0548,Duroc_x_Landrace_x_Yorkshire,2.31,0.52,0.99,1.29,0.76744186,1.333333333
331,DLY0549,Duroc_x_Landrace_x_Yorkshire,2.09,0.35,1.04,1.08,0.962962963,1.009615385
335,DLY0550,Duroc_x_Landrace_x_Yorkshire,2.77,0.26,1.07,1.83,0.584699454,1.588785047
317,DLY0551,Duroc_x_Landrace_x_Yorkshire,2.22,0.37,0.81,1.23,0.658536585,1.740740741
321,DLY0552,Duroc_x_Landrace_x_Yorkshire,2.18,0.4,1.03,1.11,0.927927928,1.116504854
325,DLY0553,Duroc_x_Landrace_x_Yorkshire,2.58,0.32,1.15,1.3,0.884615385,1.243478261
329,DLY0554,Duroc_x_Landrace_x_Yorkshire,2.23,0.38,1.12,1.16,0.965517241,0.991071429
333,DLY0555,Duroc_x_Landrace_x_Yorkshire,2.33,0.23,1.06,1.55,0.683870968,1.198113208
337,DLY0556,Duroc_x_Landrace_x_Yorkshire,2.32,0.38,1.19,1.32,0.901515152,0.949579832
316,DLY0557,Duroc_x_Landrace_x_Yorkshire,2.39,0.48,1.26,1.05,1.2,0.896825397
320,DLY0558,Duroc_x_Landrace_x_Yorkshire,2.65,0.62,1.26,1.25,1.008,1.103174603
324,DLY0559,Duroc_x_Landrace_x_Yorkshire,2.23,0.34,1.07,1.09,0.981651376,1.08411215
328,DLY0560,Duroc_x_Landrace_x_Yorkshire,2.29,0.29,1.15,1.19,0.966386555,0.991304348
332,DLY0571,Duroc_x_Landrace_x_Yorkshire,2.53,0.72,1.32,1.58,0.835443038,0.916666667
336,DLY0572,Duroc_x_Landrace_x_Yorkshire,2.69,0.35,1.23,1.16,1.060344828,1.18699187
318,DLY0573,Duroc_x_Landrace_x_Yorkshire,2.71,0.52,1.02,1.33,0.766917293,1.656862745
322,DLY0574,Duroc_x_Landrace_x_Yorkshire,1.82,0.47,0.79,1.14,0.692982456,1.303797468
326,DLY0575,Duroc_x_Landrace_x_Yorkshire,2.39,0.46,0.91,1.58,0.575949367,1.626373626
330,DLY0576,Duroc_x_Landrace_x_Yorkshire,2.51,0.43,1.11,1.5,0.74,1.261261261
334,DLY0577,Duroc_x_Landrace_x_Yorkshire,2,0.27,0.79,1.32,0.598484848,1.53164557
338,DLY0578,Duroc_x_Landrace_x_Yorkshire,2.44,0.21,1.14,1.39,0.820143885,1.140350877
339,DLY0579,Duroc_x_Landrace_x_Yorkshire,2.36,0.3,0.92,1.39,0.661870504,1.565217391
343,DLY0580,Duroc_x_Landrace_x_Yorkshire,2.21,0.38,0.97,1.38,0.702898551,1.278350515
347,DLY0581,Duroc_x_Landrace_x_Yorkshire,2.07,0.24,0.84,1.36,0.617647059,1.464285714
351,DLY0582,Duroc_x_Landrace_x_Yorkshire,2.39,0.21,0.99,1.6,0.61875,1.414141414
355,DLY0583,Duroc_x_Landrace_x_Yorkshire,2.27,0.1,1.17,1.54,0.75974026,0.94017094
359,DLY0584,Duroc_x_Landrace_x_Yorkshire,2.19,0.17,0.91,1.46,0.623287671,1.406593407
341,DLY0585,Duroc_x_Landrace_x_Yorkshire,2.46,0.22,1.03,1.55,0.664516129,1.388349515
345,DLY0586,Duroc_x_Landrace_x_Yorkshire,2.51,0.1,1.05,1.62,0.648148148,1.39047619
349,DLY0587,Duroc_x_Landrace_x_Yorkshire,2.55,0.09,0.8,1.85,0.432432432,2.1875
572,DLY0588,Duroc_x_Landrace_x_Yorkshire,2.07,0.16,1.09,1.2,0.908333333,0.899082569
357,DLY0589,Duroc_x_Landrace_x_Yorkshire,2.54,0.17,1.26,1.5,0.84,1.015873016
361,DLY0590,Duroc_x_Landrace_x_Yorkshire,2.63,0.36,1.2,1.64,0.731707317,1.191666667
340,DLY0591,Duroc_x_Landrace_x_Yorkshire,2.18,0.23,0.9,1.37,0.656934307,1.422222222
344,DLY0592,Duroc_x_Landrace_x_Yorkshire,2.18,0.24,1.29,1.21,1.066115702,0.689922481
348,DLY0593,Duroc_x_Landrace_x_Yorkshire,2.1,0.18,0.93,1.32,0.704545455,1.258064516
352,DLY0594,Duroc_x_Landrace_x_Yorkshire,2.42,0.15,1.09,1.38,0.789855072,1.220183486
356,DLY0595,Duroc_x_Landrace_x_Yorkshire,2.13,0.2,0.99,0.9,1.1,1.151515152
360,DLY0596,Duroc_x_Landrace_x_Yorkshire,2.34,0.26,1.17,1.31,0.893129771,1
342,DLY0597,Duroc_x_Landrace_x_Yorkshire,2.54,0.44,0.99,1.55,0.638709677,1.565656566
346,DLY0598,Duroc_x_Landrace_x_Yorkshire,2.49,0.08,1.13,1.61,0.701863354,1.203539823
350,DLY0599,Duroc_x_Landrace_x_Yorkshire,2.31,0.2,1.12,1.21,0.925619835,1.0625
354,DLY0600,Duroc_x_Landrace_x_Yorkshire,2.21,0.22,1.02,1.33,0.766917293,1.166666667
358,DLY0601,Duroc_x_Landrace_x_Yorkshire,2.69,0.37,1.22,1.54,0.792207792,1.204918033
362,DLY0602,Duroc_x_Landrace_x_Yorkshire,1.95,0.15,1.04,1.21,0.859504132,0.875
363,DLY0603,Duroc_x_Landrace_x_Yorkshire,2.88,0.42,1.23,1.51,0.814569536,1.341463415
367,DLY0604,Duroc_x_Landrace_x_Yorkshire,2.67,0.33,1.17,1.34,0.873134328,1.282051282
371,DLY0605,Duroc_x_Landrace_x_Yorkshire,1.67,0.31,0.69,1.17,0.58974359,1.420289855
375,DLY0606,Duroc_x_Landrace_x_Yorkshire,3.16,0.25,1.23,1.92,0.640625,1.569105691
379,DLY0607,Duroc_x_Landrace_x_Yorkshire,2.3,0.11,1.02,1.41,0.723404255,1.254901961
383,DLY0608,Duroc_x_Landrace_x_Yorkshire,2.78,0.33,1.12,1.71,0.65497076,1.482142857
365,DLY0609,Duroc_x_Landrace_x_Yorkshire,2.63,0.26,1.14,1.66,0.686746988,1.307017544
369,DLY0610,Duroc_x_Landrace_x_Yorkshire,2.28,0.24,1.22,1.1,1.109090909,0.868852459
373,DLY0611,Duroc_x_Landrace_x_Yorkshire,2.73,0.11,1.26,1.79,0.703910615,1.166666667
377,DLY0612,Duroc_x_Landrace_x_Yorkshire,3.02,0.22,1.12,1.95,0.574358974,1.696428571
381,DLY0621,Duroc_x_Landrace_x_Yorkshire,2.08,0.4,0.89,1.16,0.767241379,1.337078652
385,DLY0622,Duroc_x_Landrace_x_Yorkshire,2.06,0.4,1.03,1.09,0.944954128,1
364,DLY0623,Duroc_x_Landrace_x_Yorkshire,2.13,0.29,1.03,1.26,0.817460317,1.067961165
368,DLY0624,Duroc_x_Landrace_x_Yorkshire,2.62,0.34,1.15,1.5,0.766666667,1.27826087
372,DLY0625,Duroc_x_Landrace_x_Yorkshire,2.56,0.35,0.94,1.4,0.671428571,1.723404255
376,DLY0626,Duroc_x_Landrace_x_Yorkshire,2.57,0.58,1.32,1.09,1.211009174,0.946969697
380,DLY0627,Duroc_x_Landrace_x_Yorkshire,2.57,0.39,1.01,1.61,0.627329193,1.544554455
384,DLY0628,Duroc_x_Landrace_x_Yorkshire,2.21,0.49,1.06,1.3,0.815384615,1.08490566
366,DLY0629,Duroc_x_Landrace_x_Yorkshire,2.27,0.51,1.12,1.2,0.933333333,1.026785714
370,DLY0630,Duroc_x_Landrace_x_Yorkshire,2.61,0.53,1.32,1.4,0.942857143,0.977272727
374,DLY0631,Duroc_x_Landrace_x_Yorkshire,2.38,0.55,1.15,1.26,0.912698413,1.069565217
378,DLY0632,Duroc_x_Landrace_x_Yorkshire,2.08,0.19,1.21,1.36,0.889705882,0.719008264
382,DLY0633,Duroc_x_Landrace_x_Yorkshire,2.36,0.33,1.1,1.35,0.814814815,1.145454545
386,DLY0634,Duroc_x_Landrace_x_Yorkshire,2.51,0.34,1.18,1.45,0.813793103,1.127118644
387,DLY0635,Duroc_x_Landrace_x_Yorkshire,2.19,0.29,0.95,1.19,0.798319328,1.305263158
391,DLY0636,Duroc_x_Landrace_x_Yorkshire,2,0.29,1.09,1.17,0.931623932,0.834862385
395,DLY0637,Duroc_x_Landrace_x_Yorkshire,2.35,0.21,0.95,1.43,0.664335664,1.473684211
399,DLY0638,Duroc_x_Landrace_x_Yorkshire,2.53,0.45,1.12,1.29,0.868217054,1.258928571
403,DLY0639,Duroc_x_Landrace_x_Yorkshire,2.27,0.24,1.01,1.44,0.701388889,1.247524752
407,DLY0640,Duroc_x_Landrace_x_Yorkshire,2.43,0.33,1.16,1.27,0.913385827,1.094827586
389,DLY0641,Duroc_x_Landrace_x_Yorkshire,2.4,0.35,1.04,1.44,0.722222222,1.307692308
393,DLY0642,Duroc_x_Landrace_x_Yorkshire,2.05,0.24,0.75,1.42,0.528169014,1.733333333
397,DLY0643,Duroc_x_Landrace_x_Yorkshire,2.12,0.36,1.04,1.01,1.02970297,1.038461538
401,DLY0644,Duroc_x_Landrace_x_Yorkshire,2.07,0.55,0.95,1.15,0.826086957,1.178947368
405,DLY0645,Duroc_x_Landrace_x_Yorkshire,2.76,0.46,1.14,1.62,0.703703704,1.421052632
409,DLY0646,Duroc_x_Landrace_x_Yorkshire,2.07,0.26,0.88,1.28,0.6875,1.352272727
388,DLY0647,Duroc_x_Landrace_x_Yorkshire,2.43,0.37,1.09,1.42,0.767605634,1.229357798
576,DLY0648,Duroc_x_Landrace_x_Yorkshire,2.28,0.33,1.12,1.19,0.941176471,1.035714286
396,DLY0649,Duroc_x_Landrace_x_Yorkshire,2.62,0.39,1.03,1.6,0.64375,1.54368932
400,DLY0650,Duroc_x_Landrace_x_Yorkshire,1.95,0.27,0.82,1.4,0.585714286,1.37804878
404,DLY0651,Duroc_x_Landrace_x_Yorkshire,2.35,0.32,0.89,1.45,0.613793103,1.640449438
408,DLY0652,Duroc_x_Landrace_x_Yorkshire,2.07,0.36,0.99,1.19,0.831932773,1.090909091
390,DLY0653,Duroc_x_Landrace_x_Yorkshire,2.1,0.13,0.92,1.42,0.647887324,1.282608696
394,DLY0654,Duroc_x_Landrace_x_Yorkshire,2.85,0.47,1.15,1.7,0.676470588,1.47826087
398,DLY0655,Duroc_x_Landrace_x_Yorkshire,2.25,0.79,1.06,1.28,0.828125,1.122641509
402,DLY0656,Duroc_x_Landrace_x_Yorkshire,2.9,0.82,1.32,1.5,0.88,1.196969697
406,DLY0657,Duroc_x_Landrace_x_Yorkshire,2.43,0.42,1.12,1.31,0.854961832,1.169642857
410,DLY0658,Duroc_x_Landrace_x_Yorkshire,2.07,0.21,0.9,1.32,0.681818182,1.3
411,DLY0659,Duroc_x_Landrace_x_Yorkshire,2.49,0.56,1.02,1.38,0.739130435,1.441176471
415,DLY0660,Duroc_x_Landrace_x_Yorkshire,2.13,0.32,1.06,1.13,0.938053097,1.009433962
419,DLY0661,Duroc_x_Landrace_x_Yorkshire,2.63,0.68,1.24,1.34,0.925373134,1.120967742
597,DLY0662,Duroc_x_Landrace_x_Yorkshire,2.83,0.37,1.2,1.66,0.722891566,1.358333333
580,DLY0663,Duroc_x_Landrace_x_Yorkshire,2.25,0.24,0.96,1.38,0.695652174,1.34375
431,DLY0671,Duroc_x_Landrace_x_Yorkshire,2.68,0.54,1.19,1.57,0.757961783,1.25210084
413,DLY0672,Duroc_x_Landrace_x_Yorkshire,2.42,1.34,1.02,1.42,0.718309859,1.37254902
584,DLY0673,Duroc_x_Landrace_x_Yorkshire,2.14,0.44,0.97,1.22,0.795081967,1.206185567
421,DLY0674,Duroc_x_Landrace_x_Yorkshire,2.28,0.57,0.98,1.27,0.771653543,1.326530612
425,DLY0675,Duroc_x_Landrace_x_Yorkshire,2.37,0.57,1.13,1.2,0.941666667,1.097345133
429,DLY0676,Duroc_x_Landrace_x_Yorkshire,2.72,0.66,1.32,1.48,0.891891892,1.060606061
433,DLY0677,Duroc_x_Landrace_x_Yorkshire,2.17,0.63,1.08,1.2,0.9,1.009259259
412,DLY0678,Duroc_x_Landrace_x_Yorkshire,2.49,1.03,1.05,1.42,0.73943662,1.371428571
416,DLY0679,Duroc_x_Landrace_x_Yorkshire,2.53,0.4,1.27,1.33,0.954887218,0.992125984
420,DLY0680,Duroc_x_Landrace_x_Yorkshire,2.59,0.56,1.12,1.37,0.817518248,1.3125
424,DLY0681,Duroc_x_Landrace_x_Yorkshire,2.31,0.59,0.98,1.37,0.715328467,1.357142857
428,DLY0682,Duroc_x_Landrace_x_Yorkshire,2.52,0.52,1.29,1.37,0.941605839,0.953488372
599,DLY0683,Duroc_x_Landrace_x_Yorkshire,2.35,0.49,1.32,1.21,1.090909091,0.78030303
414,DLY0684,Duroc_x_Landrace_x_Yorkshire,2.18,0.48,1.05,1.32,0.795454545,1.076190476
418,DLY0685,Duroc_x_Landrace_x_Yorkshire,2.31,0.82,1.13,1.2,0.941666667,1.044247788
422,DLY0686,Duroc_x_Landrace_x_Yorkshire,2.43,0.43,1.35,1.25,1.08,0.8
426,DLY0687,Duroc_x_Landrace_x_Yorkshire,2.45,0.36,1.26,1.29,0.976744186,0.944444444
430,DLY0688,Duroc_x_Landrace_x_Yorkshire,2.05,0.33,0.91,1.17,0.777777778,1.252747253
434,DLY0689,Duroc_x_Landrace_x_Yorkshire,2.31,0.25,1.01,1.45,0.696551724,1.287128713
353,DLY0690,Duroc_x_Landrace_x_Yorkshire,2.16,0.48,0.89,1.3,0.684615385,1.426966292
392,DLY0691,Duroc_x_Landrace_x_Yorkshire,2.35,0.36,0.95,1.49,0.637583893,1.473684211
423,DLY0692,Duroc_x_Landrace_x_Yorkshire,2,0.58,0.77,1.34,0.574626866,1.597402597
427,DLY0693,Duroc_x_Landrace_x_Yorkshire,2.68,0.7,1.41,1.41,1,0.90070922
417,DLY0694,Duroc_x_Landrace_x_Yorkshire,2.29,0.79,1.19,1.1,1.081818182,0.924369748
601,DLY0695,Duroc_x_Landrace_x_Yorkshire,2.47,0.58,1.22,1.25,0.976,1.024590164
604,DLY0696,Duroc_x_Landrace_x_Yorkshire,2.68,0.54,1.33,1.46,0.910958904,1.015037594
432,DLY0697,Duroc_x_Landrace_x_Yorkshire,2.13,0.59,0.99,1.15,0.860869565,1.151515152
587,DLY0698,Duroc_x_Landrace_x_Yorkshire,2.7,0.81,1.24,1.27,0.976377953,1.177419355
454,DLY0699,Duroc_x_Landrace_x_Yorkshire,2.34,0.57,1.11,1.31,0.847328244,1.108108108
452,DLY0700,Duroc_x_Landrace_x_Yorkshire,2.34,0.65,1.09,1.41,0.773049645,1.146788991
607,DLY0701,Duroc_x_Landrace_x_Yorkshire,2.26,0.51,0.91,1.57,0.579617834,1.483516484
438,DLY0703,Duroc_x_Landrace_x_Yorkshire,2.55,0.54,0.99,1.45,0.682758621,1.575757576
442,DLY0704,Duroc_x_Landrace_x_Yorkshire,2.45,0.63,1.21,1.32,0.916666667,1.024793388
446,DLY0705,Duroc_x_Landrace_x_Yorkshire,2.27,0.63,1.08,1.23,0.87804878,1.101851852
450,DLY0706,Duroc_x_Landrace_x_Yorkshire,2.11,0.63,1.12,0.96,1.166666667,0.883928571
589,DLY0707,Duroc_x_Landrace_x_Yorkshire,1.8,0.35,0.98,1.08,0.907407407,0.836734694
436,DLY0708,Duroc_x_Landrace_x_Yorkshire,2.43,0.45,1.19,1.25,0.952,1.042016807
440,DLY0709,Duroc_x_Landrace_x_Yorkshire,2.38,0.66,1.28,1.25,1.024,0.859375
444,DLY0710,Duroc_x_Landrace_x_Yorkshire,2.18,0.59,0.98,1.29,0.759689922,1.224489796
448,DLY0711,Duroc_x_Landrace_x_Yorkshire,2.41,0.32,0.97,1.46,0.664383562,1.484536082
610,DLY0712,Duroc_x_Landrace_x_Yorkshire,2.64,0.81,1.22,1.27,0.960629921,1.163934426
456,DLY0713,Duroc_x_Landrace_x_Yorkshire,2.66,0.37,1.22,1.6,0.7625,1.180327869
435,DLY0714,Duroc_x_Landrace_x_Yorkshire,2.71,0.84,1.09,1.53,0.712418301,1.486238532
439,DLY0715,Duroc_x_Landrace_x_Yorkshire,2.18,0.78,1,1.3,0.769230769,1.18
443,DLY0716,Duroc_x_Landrace_x_Yorkshire,2.54,0.35,1.05,1.46,0.719178082,1.419047619
447,DLY0717,Duroc_x_Landrace_x_Yorkshire,2.48,0.85,1.26,1.04,1.211538462,0.968253968
451,DLY0718,Duroc_x_Landrace_x_Yorkshire,2.36,1.01,1.07,1.21,0.884297521,1.205607477
455,DLY0719,Duroc_x_Landrace_x_Yorkshire,2.07,0.72,1.08,1.03,1.048543689,0.916666667
437,DLY0721,Duroc_x_Landrace_x_Yorkshire,2.53,0.38,0.78,1.77,0.440677966,2.243589744
441,DLY0722,Duroc_x_Landrace_x_Yorkshire,2.08,0.18,0.77,1.38,0.557971014,1.701298701
445,DLY0723,Duroc_x_Landrace_x_Yorkshire,2.45,0.55,0.78,1.76,0.443181818,2.141025641
449,DLY0724,Duroc_x_Landrace_x_Yorkshire,2.05,0.23,0.76,1.3,0.584615385,1.697368421
453,DLY0725,Duroc_x_Landrace_x_Yorkshire,2.29,0.19,0.72,1.53,0.470588235,2.180555556
457,DLY0726,Duroc_x_Landrace_x_Yorkshire,2.46,0.14,0.79,1.79,0.441340782,2.113924051
458,DLY0727,Duroc_x_Landrace_x_Yorkshire,2.52,0.68,0.93,1.54,0.603896104,1.709677419
462,DLY0728,Duroc_x_Landrace_x_Yorkshire,2.06,0.21,0.8,1.36,0.588235294,1.575
466,DLY0729,Duroc_x_Landrace_x_Yorkshire,2.86,0.28,0.84,1.98,0.424242424,2.404761905
470,DLY0730,Duroc_x_Landrace_x_Yorkshire,2.38,0.35,0.93,1.38,0.673913043,1.559139785
474,DLY0731,Duroc_x_Landrace_x_Yorkshire,2.02,0.15,0.85,1.23,0.691056911,1.376470588
478,DLY0732,Duroc_x_Landrace_x_Yorkshire,2.49,0.33,0.98,1.57,0.624203822,1.540816327
590,DLY0733,Duroc_x_Landrace_x_Yorkshire,2.42,0.26,0.91,1.6,0.56875,1.659340659
464,DLY0734,Duroc_x_Landrace_x_Yorkshire,1.84,0.29,0.55,1.3,0.423076923,2.345454545
468,DLY0735,Duroc_x_Landrace_x_Yorkshire,2.45,0.23,1.09,1.43,0.762237762,1.247706422
472,DLY0736,Duroc_x_Landrace_x_Yorkshire,2.47,0.32,0.98,1.43,0.685314685,1.520408163
592,DLY0737,Duroc_x_Landrace_x_Yorkshire,2.09,0.27,0.79,1.31,0.603053435,1.64556962
594,DLY0738,Duroc_x_Landrace_x_Yorkshire,1.92,0.07,0.58,1.44,0.402777778,2.310344828
459,DLY0739,Duroc_x_Landrace_x_Yorkshire,2.57,0.18,1.07,1.52,0.703947368,1.401869159
595,DLY0740,Duroc_x_Landrace_x_Yorkshire,2.18,0.24,0.62,1.62,0.382716049,2.516129032
467,DLY0741,Duroc_x_Landrace_x_Yorkshire,2.31,0.28,0.96,1.38,0.695652174,1.40625
471,DLY0742,Duroc_x_Landrace_x_Yorkshire,2.23,0.15,0.97,1.46,0.664383562,1.298969072
475,DLY0743,Duroc_x_Landrace_x_Yorkshire,2.07,0.27,0.78,1.39,0.561151079,1.653846154
479,DLY0744,Duroc_x_Landrace_x_Yorkshire,2.29,0.28,0.97,1.3,0.746153846,1.360824742
461,DLY0745,Duroc_x_Landrace_x_Yorkshire,2.3,0.28,0.83,1.42,0.584507042,1.771084337
465,DLY0746,Duroc_x_Landrace_x_Yorkshire,2.37,0.23,0.81,1.56,0.519230769,1.925925926
469,DLY0747,Duroc_x_Landrace_x_Yorkshire,1.65,0.22,0.7,0.89,0.786516854,1.357142857
473,DLY0748,Duroc_x_Landrace_x_Yorkshire,2.84,0.3,0.97,1.96,0.494897959,1.927835052
477,DLY0749,Duroc_x_Landrace_x_Yorkshire,2.12,0.13,0.85,1.31,0.648854962,1.494117647
481,DLY0750,Duroc_x_Landrace_x_Yorkshire,2.28,0.21,0.94,1.28,0.734375,1.425531915
482,DLY0751,Duroc_x_Landrace_x_Yorkshire,2.03,0.15,0.64,1.39,0.460431655,2.171875
486,DLY0752,Duroc_x_Landrace_x_Yorkshire,2,0.29,0.84,1.18,0.711864407,1.380952381
490,DLY0753,Duroc_x_Landrace_x_Yorkshire,2.17,0.2,0.57,1.6,0.35625,2.807017544
588,DLY0755,Duroc_x_Landrace_x_Yorkshire,2.29,0.35,0.95,1.27,0.748031496,1.410526316
498,DLY0761,Duroc_x_Landrace_x_Yorkshire,2.15,0.79,0.68,1.29,0.527131783,2.161764706
502,DLY0762,Duroc_x_Landrace_x_Yorkshire,2.36,0.88,0.62,1.59,0.389937107,2.806451613
484,DLY0763,Duroc_x_Landrace_x_Yorkshire,2.5,0.53,0.82,1.53,0.535947712,2.048780488
488,DLY0764,Duroc_x_Landrace_x_Yorkshire,1.77,0.35,0.67,1.01,0.663366337,1.641791045
492,DLY0765,Duroc_x_Landrace_x_Yorkshire,1.96,0.35,0.63,1.26,0.5,2.111111111
496,DLY0766,Duroc_x_Landrace_x_Yorkshire,2.43,0.31,0.87,1.61,0.540372671,1.793103448
500,DLY0767,Duroc_x_Landrace_x_Yorkshire,2.75,0.33,0.99,1.72,0.575581395,1.777777778
483,DLY0769,Duroc_x_Landrace_x_Yorkshire,2.04,0.14,0.71,1.33,0.533834586,1.873239437
487,DLY0770,Duroc_x_Landrace_x_Yorkshire,2.33,0.35,0.91,1.42,0.64084507,1.56043956
491,DLY0771,Duroc_x_Landrace_x_Yorkshire,2.18,0.44,0.7,1.37,0.510948905,2.114285714
495,DLY0772,Duroc_x_Landrace_x_Yorkshire,2.25,0.09,0.84,1.48,0.567567568,1.678571429
499,DLY0773,Duroc_x_Landrace_x_Yorkshire,2.13,0.14,0.76,1.3,0.584615385,1.802631579
503,DLY0774,Duroc_x_Landrace_x_Yorkshire,2.78,0.26,1.18,1.66,0.710843373,1.355932203
485,DLY0775,Duroc_x_Landrace_x_Yorkshire,1.83,0.28,0.52,1.24,0.419354839,2.519230769
489,DLY0776,Duroc_x_Landrace_x_Yorkshire,1.99,0.15,0.88,1.14,0.771929825,1.261363636
493,DLY0777,Duroc_x_Landrace_x_Yorkshire,1.59,0.27,0.67,0.9,0.744444444,1.373134328
497,DLY0778,Duroc_x_Landrace_x_Yorkshire,1.92,0.31,0.74,1.19,0.621848739,1.594594595
501,DLY0779,Duroc_x_Landrace_x_Yorkshire,2.26,0.16,0.85,1.48,0.574324324,1.658823529
505,DLY0780,Duroc_x_Landrace_x_Yorkshire,1.96,0.17,0.67,1.29,0.519379845,1.925373134
506,DLY0781,Duroc_x_Landrace_x_Yorkshire,2.4,0.43,0.88,1.5,0.586666667,1.727272727
510,DLY0782,Duroc_x_Landrace_x_Yorkshire,2.38,0.27,NA,1.84,NA,NA
514,DLY0783,Duroc_x_Landrace_x_Yorkshire,2.8,0.37,1,1.66,0.602409639,1.8
518,DLY0784,Duroc_x_Landrace_x_Yorkshire,2.44,0.65,0.83,1.5,0.553333333,1.939759036
522,DLY0785,Duroc_x_Landrace_x_Yorkshire,1.9,0.54,0.51,1.29,0.395348837,2.725490196
526,DLY0786,Duroc_x_Landrace_x_Yorkshire,2.17,0.59,0.88,1.24,0.709677419,1.465909091
508,DLY0787,Duroc_x_Landrace_x_Yorkshire,2.29,0.28,0.59,1.64,0.359756098,2.881355932
512,DLY0788,Duroc_x_Landrace_x_Yorkshire,2.58,0.33,1.02,1.57,0.649681529,1.529411765
516,DLY0789,Duroc_x_Landrace_x_Yorkshire,2.82,0.74,0.7,2.02,0.346534653,3.028571429
520,DLY0790,Duroc_x_Landrace_x_Yorkshire,2.1,0.6,0.79,1.29,0.612403101,1.658227848
524,DLY0791,Duroc_x_Landrace_x_Yorkshire,2.25,0.29,0.97,1.22,0.795081967,1.319587629
528,DLY0792,Duroc_x_Landrace_x_Yorkshire,1.81,0.4,0.72,0.99,0.727272727,1.513888889
507,DLY0793,Duroc_x_Landrace_x_Yorkshire,2.03,0.27,0.77,1.27,0.606299213,1.636363636
511,DLY0794,Duroc_x_Landrace_x_Yorkshire,2.23,0.5,0.91,1.21,0.752066116,1.450549451
515,DLY0795,Duroc_x_Landrace_x_Yorkshire,2.45,0.39,0.82,1.61,0.50931677,1.987804878
519,DLY0796,Duroc_x_Landrace_x_Yorkshire,2.09,0.35,0.8,1.34,0.597014925,1.6125
523,DLY0797,Duroc_x_Landrace_x_Yorkshire,2.1,0.47,0.66,1.32,0.5,2.181818182
527,DLY0798,Duroc_x_Landrace_x_Yorkshire,2.52,0.27,0.89,1.63,0.54601227,1.831460674
509,DLY0799,Duroc_x_Landrace_x_Yorkshire,1.71,0.2,0.65,1.1,0.590909091,1.630769231
513,DLY0800,Duroc_x_Landrace_x_Yorkshire,2.36,0.43,0.68,1.71,0.397660819,2.470588235
517,DLY0801,Duroc_x_Landrace_x_Yorkshire,2.35,0.31,0.68,1.64,0.414634146,2.455882353
521,DLY0802,Duroc_x_Landrace_x_Yorkshire,1.96,0.12,0.54,1.47,0.367346939,2.62962963
525,DLY0803,Duroc_x_Landrace_x_Yorkshire,1.91,0.21,0.74,1.19,0.621848739,1.581081081
591,DLY0804,Duroc_x_Landrace_x_Yorkshire,2.17,0.19,0.72,1.53,0.470588235,2.013888889
460,DLY0805,Duroc_x_Landrace_x_Yorkshire,2.19,0.34,0.74,1.34,0.552238806,1.959459459
476,DLY0806,Duroc_x_Landrace_x_Yorkshire,2.23,0.32,0.61,1.55,0.393548387,2.655737705
480,DLY0807,Duroc_x_Landrace_x_Yorkshire,2.53,0.72,1.13,1.36,0.830882353,1.238938053
463,DLY0808,Duroc_x_Landrace_x_Yorkshire,1.86,0.21,0.56,1.36,0.411764706,2.321428571
494,DLY0809,Duroc_x_Landrace_x_Yorkshire,2.44,0.24,0.93,1.53,0.607843137,1.623655914
593,DLY0810,Duroc_x_Landrace_x_Yorkshire,2.58,0.3,1.09,1.59,0.685534591,1.366972477
